Active season,Player,Team,Conference,Date,Position,Height,Weight,Age,Draft Year,Seasons in league,Season,Season short,Real_value
0,Paul Pierce,Boston Celtics,East,"Apr 7, 2002",SF,6-7,235,24,1998,3,2001-2002,2002,0.5
0,Tim Duncan,San Antonio Spurs,West,"Apr 7, 2002",FC,6-11,250,25,1997,4,2001-2002,2002,0.5
0,Ben Wallace,Detroit Pistons,East,"Mar 31, 2002",FC,6-9,240,27,1996,5,2001-2002,2002,0.5
0,Shawn Marion,Phoenix Suns,West,"Mar 31, 2002",F,6-7,228,23,1999,2,2001-2002,2002,0.5
0,Jason Kidd,New Jersey Nets,East,"Mar 24, 2002",PG,6-4,210,28,1994,7,2001-2002,2002,0.5
0,Tim Duncan,San Antonio Spurs,West,"Mar 24, 2002",FC,6-11,250,25,1997,4,2001-2002,2002,0.5
0,Tracy McGrady,Orlando Magic,East,"Mar 17, 2002",GF,6-8,210,22,1997,4,2001-2002,2002,0.5
0,Tim Duncan,San Antonio Spurs,West,"Mar 17, 2002",FC,6-11,250,25,1997,4,2001-2002,2002,0.5
0,Kurt Thomas,New York Knicks,East,"Mar 10, 2002",FC,6-9,240,29,1995,6,2001-2002,2002,0.5
0,Shaquille O'Neal,Los Angeles Lakers,West,"Mar 10, 2002",C,7-1,325,29,1992,9,2001-2002,2002,0.5
0,Allen Iverson,Philadelphia Sixers,East,"Mar 3, 2002",G,6-0,165,26,1996,5,2001-2002,2002,0.5
0,Rasheed Wallace,Portland Trail Blazers,West,"Mar 3, 2002",FC,6-11,230,27,1995,6,2001-2002,2002,0.5
0,Ben Wallace,Detroit Pistons,East,"Feb 24, 2002",FC,6-9,240,27,1996,5,2001-2002,2002,0.5
0,Shaquille O'Neal,Los Angeles Lakers,West,"Feb 24, 2002",C,7-1,325,29,1992,9,2001-2002,2002,0.5
0,Andre Miller,Cleveland Cavaliers,East,"Feb 17, 2002",PG,6-3,200,25,1999,2,2001-2002,2002,0.5
0,Karl Malone,Utah Jazz,West,"Feb 17, 2002",PF,6-9,265,38,1985,16,2001-2002,2002,0.5
0,Jason Kidd,New Jersey Nets,East,"Feb 3, 2002",PG,6-4,210,28,1994,7,2001-2002,2002,0.5
0,Shaquille O'Neal,Los Angeles Lakers,West,"Feb 3, 2002",C,7-1,325,29,1992,9,2001-2002,2002,0.5
0,Allen Iverson,Philadelphia Sixers,East,"Jan 27, 2002",G,6-0,165,26,1996,5,2001-2002,2002,0.5
0,Dirk Nowitzki,Dallas Mavericks,West,"Jan 27, 2002",PF,7-0,245,23,1998,3,2001-2002,2002,0.5
0,Allen Iverson,Philadelphia Sixers,East,"Jan 20, 2002",G,6-0,165,26,1996,5,2001-2002,2002,0.5
0,Kobe Bryant,Los Angeles Lakers,West,"Jan 20, 2002",SG,6-6,212,23,1996,5,2001-2002,2002,0.5
0,Ray Allen,Milwaukee Bucks,East,"Jan 13, 2002",SG,6-5,205,26,1996,5,2001-2002,2002,0.5
0,Kevin Garnett,Minnesota Timberwolves,West,"Jan 13, 2002",PF,6-11,240,25,1995,6,2001-2002,2002,0.5
0,Eddie Jones,Miami Heat,East,"Jan 6, 2002",G-F,6-6,200,30,1994,7,2001-2002,2002,0.5
0,Chris Webber,Sacramento Kings,West,"Jan 6, 2002",F-C,6-9,245,28,1993,8,2001-2002,2002,0.5
0,Jason Kidd,New Jersey Nets,East,"Dec 30, 2001",PG,6-4,210,28,1994,7,2001-2002,2002,0.5
0,Tim Duncan,San Antonio Spurs,West,"Dec 30, 2001",FC,6-11,250,25,1997,4,2001-2002,2002,0.5
0,Jermaine O'Neal,Indiana Pacers,East,"Dec 23, 2001",FC,6-11,235,23,1996,5,2001-2002,2002,0.5
0,Gary Payton,Seattle SuperSonics,West,"Dec 23, 2001",G,6-4,180,33,1990,11,2001-2002,2002,0.5
0,Richard Hamilton,Washington Wizards,East,"Dec 16, 2001",SG,6-7,193,24,1999,2,2001-2002,2002,0.5
0,Steve Nash,Dallas Mavericks,West,"Dec 16, 2001",G,6-3,178,28,1996,5,2001-2002,2002,0.5
0,Andre Miller,Cleveland Cavaliers,East,"Dec 9, 2001",PG,6-3,200,25,1999,2,2001-2002,2002,0.5
0,Elton Brand,Los Angeles Clippers,West,"Dec 9, 2001",PF,6-9,254,22,1999,2,2001-2002,2002,0.5
0,Paul Pierce,Boston Celtics,East,"Dec 2, 2001",SF,6-7,235,24,1998,3,2001-2002,2002,0.5
0,Stephon Marbury,Phoenix Suns,West,"Dec 2, 2001",G,6-2,180,25,1996,5,2001-2002,2002,0.5
0,Shareef Abdur-Rahim,Atlanta Hawks,East,"Nov 25, 2001",F,6-9,225,25,1996,5,2001-2002,2002,0.5
0,Tim Duncan,San Antonio Spurs,West,"Nov 25, 2001",FC,6-11,250,25,1997,4,2001-2002,2002,0.5
0,Allen Iverson,Philadelphia Sixers,East,"Nov 18, 2001",G,6-0,165,26,1996,5,2001-2002,2002,0.5
0,Kevin Garnett,Minnesota Timberwolves,West,"Nov 18, 2001",PF,6-11,240,25,1995,6,2001-2002,2002,0.5
0,Vince Carter,Toronto Raptors,East,"Nov 11, 2001",SF,6-6,220,25,1998,3,2001-2002,2002,0.5
0,Tim Duncan,San Antonio Spurs,West,"Nov 11, 2001",FC,6-11,250,25,1997,4,2001-2002,2002,0.5
0,Ray Allen,Milwaukee Bucks,East,"Nov 4, 2001",SG,6-5,205,26,1996,5,2001-2002,2002,0.5
0,Kobe Bryant,Los Angeles Lakers,West,"Nov 4, 2001",SG,6-6,212,23,1996,5,2001-2002,2002,0.5
0,Tracy McGrady,Orlando Magic,East,"Apr 13, 2003",GF,6-8,210,23,1997,5,2002-2003,2003,0.5
0,Shawn Marion,Phoenix Suns,West,"Apr 13, 2003",F,6-7,228,24,1999,3,2002-2003,2003,0.5
0,Jason Kidd,New Jersey Nets,East,"Apr 6, 2003",PG,6-4,210,29,1994,8,2002-2003,2003,0.5
0,Shaquille O'Neal,Los Angeles Lakers,West,"Apr 6, 2003",C,7-1,325,30,1992,10,2002-2003,2003,0.5
0,Richard Jefferson,New Jersey Nets,East,"Mar 30, 2003",SF,6-7,233,22,2001,1,2002-2003,2003,0.5
0,Tim Duncan,San Antonio Spurs,West,"Mar 30, 2003",FC,6-11,250,26,1997,5,2002-2003,2003,0.5
0,Ben Wallace,Detroit Pistons,East,"Mar 23, 2003",FC,6-9,240,28,1996,6,2002-2003,2003,0.5
0,Peja Stojakovic,Sacramento Kings,West,"Mar 23, 2003",F,6-10,229,25,1996,4,2002-2003,2003,0.5
0,Allen Iverson,Philadelphia Sixers,East,"Mar 16, 2003",G,6-0,165,27,1996,6,2002-2003,2003,0.5
0,Steve Francis,Houston Rockets,West,"Mar 16, 2003",G,6-3,195,26,1999,3,2002-2003,2003,0.5
0,Tracy McGrady,Orlando Magic,East,"Mar 9, 2003",GF,6-8,210,23,1997,5,2002-2003,2003,0.5
0,Shaquille O'Neal,Los Angeles Lakers,West,"Mar 9, 2003",C,7-1,325,30,1992,10,2002-2003,2003,0.5
0,Michael Jordan,Washington Wizards,East,"Mar 2, 2003",SG,6-6,215,40,1984,14,2002-2003,2003,0.5
0,Ray Allen,Seattle SuperSonics,West,"Mar 2, 2003",SG,6-5,205,27,1996,6,2002-2003,2003,0.5
0,Tracy McGrady,Orlando Magic,East,"Feb 23, 2003",GF,6-8,210,23,1997,5,2002-2003,2003,0.5
0,Kobe Bryant,Los Angeles Lakers,West,"Feb 23, 2003",SG,6-6,212,24,1996,6,2002-2003,2003,0.5
0,Allan Houston,New York Knicks,East,"Feb 16, 2003",G,6-6,205,31,1993,9,2002-2003,2003,0.5
0,Tim Duncan,San Antonio Spurs,West,"Feb 16, 2003",FC,6-11,250,26,1997,5,2002-2003,2003,0.5
0,Chauncey Billups,Detroit Pistons,East,"Feb 2, 2003",G,6-3,210,26,1997,5,2002-2003,2003,0.5
0,Kobe Bryant,Los Angeles Lakers,West,"Feb 2, 2003",SG,6-6,212,24,1996,6,2002-2003,2003,0.5
0,Paul Pierce,Boston Celtics,East,"Jan 26, 2003",SF,6-7,235,25,1998,4,2002-2003,2003,0.5
0,Tim Duncan,San Antonio Spurs,West,"Jan 26, 2003",FC,6-11,250,26,1997,5,2002-2003,2003,0.5
0,Antoine Walker,Boston Celtics,East,"Jan 19, 2003",F,6-9,265,26,1996,6,2002-2003,2003,0.5
0,Steve Francis,Houston Rockets,West,"Jan 19, 2003",G,6-3,195,26,1999,3,2002-2003,2003,0.5
0,Jermaine O'Neal,Indiana Pacers,East,"Jan 12, 2003",FC,6-11,235,24,1996,6,2002-2003,2003,0.5
0,Kobe Bryant,Los Angeles Lakers,West,"Jan 12, 2003",SG,6-6,212,24,1996,6,2002-2003,2003,0.5
0,Stephon Marbury,Phoenix Suns,West,"Jan 12, 2003",G,6-2,180,26,1996,6,2002-2003,2003,0.5
0,Michael Jordan,Washington Wizards,East,"Jan 5, 2003",SG,6-6,215,40,1984,14,2002-2003,2003,0.5
0,Dirk Nowitzki,Dallas Mavericks,West,"Jan 5, 2003",PF,7-0,245,24,1998,4,2002-2003,2003,0.5
0,Lucious Harris,New Jersey Nets,East,"Dec 29, 2002",SG,6-5,190,32,1993,9,2002-2003,2003,0.5
0,Tim Duncan,San Antonio Spurs,West,"Dec 29, 2002",FC,6-11,250,26,1997,5,2002-2003,2003,0.5
0,Jason Kidd,New Jersey Nets,East,"Dec 22, 2002",PG,6-4,210,29,1994,8,2002-2003,2003,0.5
0,Tim Duncan,San Antonio Spurs,West,"Dec 22, 2002",FC,6-11,250,26,1997,5,2002-2003,2003,0.5
0,Antoine Walker,Boston Celtics,East,"Dec 15, 2002",F,6-9,265,26,1996,6,2002-2003,2003,0.5
0,Chris Webber,Sacramento Kings,West,"Dec 15, 2002",F-C,6-9,245,29,1993,9,2002-2003,2003,0.5
0,Paul Pierce,Boston Celtics,East,"Dec 8, 2002",SF,6-7,235,25,1998,4,2002-2003,2003,0.5
0,Kobe Bryant,Los Angeles Lakers,West,"Dec 8, 2002",SG,6-6,212,24,1996,6,2002-2003,2003,0.5
0,Allen Iverson,Philadelphia Sixers,East,"Dec 1, 2002",G,6-0,165,27,1996,6,2002-2003,2003,0.5
0,Stephon Marbury,Phoenix Suns,West,"Dec 1, 2002",G,6-2,180,26,1996,6,2002-2003,2003,0.5
0,Allen Iverson,Philadelphia Sixers,East,"Nov 24, 2002",G,6-0,165,27,1996,6,2002-2003,2003,0.5
0,Kevin Garnett,Minnesota Timberwolves,West,"Nov 24, 2002",PF,6-11,240,26,1995,7,2002-2003,2003,0.5
0,Metta World Peace,Indiana Pacers,East,"Nov 17, 2002",SF,6-7,260,23,1999,3,2002-2003,2003,0.5
0,Rashard Lewis,Seattle SuperSonics,West,"Nov 17, 2002",F,6-10,235,23,1998,4,2002-2003,2003,0.5
0,Jerry Stackhouse,Washington Wizards,East,"Nov 10, 2002",SF,6-6,218,28,1995,7,2002-2003,2003,0.5
0,Dirk Nowitzki,Dallas Mavericks,West,"Nov 10, 2002",PF,7-0,245,24,1998,4,2002-2003,2003,0.5
0,Glenn Robinson,Atlanta Hawks,East,"Nov 3, 2002",SF,6-7,225,30,1994,8,2002-2003,2003,0.5
0,Kobe Bryant,Los Angeles Lakers,West,"Nov 3, 2002",SG,6-6,212,24,1996,6,2002-2003,2003,0.5
0,Jamaal Magloire,New Orleans Hornets,East,"Apr 12, 2004",C,6-11,259,25,2000,3,2003-2004,2004,0.5
0,Carmelo Anthony,Denver Nuggets,West,"Apr 12, 2004",F,6-8,240,19,2003,0,2003-2004,2004,0.5
0,Richard Jefferson,New Jersey Nets,East,"Apr 5, 2004",SF,6-7,233,23,2001,2,2003-2004,2004,0.5
0,Dirk Nowitzki,Dallas Mavericks,West,"Apr 5, 2004",PF,7-0,245,25,1998,5,2003-2004,2004,0.5
0,Metta World Peace,Indiana Pacers,East,"Mar 29, 2004",SF,6-7,260,24,1999,4,2003-2004,2004,0.5
0,Kobe Bryant,Los Angeles Lakers,West,"Mar 29, 2004",SG,6-6,212,25,1996,7,2003-2004,2004,0.5
0,Vince Carter,Toronto Raptors,East,"Mar 21, 2004",SF,6-6,220,27,1998,5,2003-2004,2004,0.5
0,Shaquille O'Neal,Los Angeles Lakers,West,"Mar 21, 2004",C,7-1,325,31,1992,11,2003-2004,2004,0.5
0,Zydrunas Ilgauskas,Cleveland Cavaliers,East,"Mar 14, 2004",C,7-3,260,28,1996,7,2003-2004,2004,0.5
0,Carmelo Anthony,Denver Nuggets,West,"Mar 14, 2004",F,6-8,240,19,2003,0,2003-2004,2004,0.5
0,Lamar Odom,Miami Heat,East,"Mar 7, 2004",PF,6-10,230,24,1999,4,2003-2004,2004,0.5
0,Yao Ming,Houston Rockets,West,"Mar 7, 2004",C,7-6,310,23,2002,1,2003-2004,2004,0.5
0,Ben Wallace,Detroit Pistons,East,"Feb 29, 2004",FC,6-9,240,29,1996,7,2003-2004,2004,0.5
0,Andrei Kirilenko,Utah Jazz,West,"Feb 29, 2004",PF,6-9,235,23,1999,2,2003-2004,2004,0.5
0,Dwyane Wade,Miami Heat,East,"Feb 22, 2004",SG,6-4,220,22,2003,0,2003-2004,2004,0.5
0,Kobe Bryant,Los Angeles Lakers,West,"Feb 22, 2004",SG,6-6,212,25,1996,7,2003-2004,2004,0.5
0,Kenyon Martin,New Jersey Nets,East,"Feb 8, 2004",F,6-9,240,26,2000,3,2003-2004,2004,0.5
0,Tim Duncan,San Antonio Spurs,West,"Feb 8, 2004",FC,6-11,250,27,1997,6,2003-2004,2004,0.5
0,Jason Kidd,New Jersey Nets,East,"Feb 1, 2004",PG,6-4,210,30,1994,9,2003-2004,2004,0.5
0,Kevin Garnett,Minnesota Timberwolves,West,"Feb 1, 2004",PF,6-11,240,27,1995,8,2003-2004,2004,0.5
0,Carlos Boozer,Cleveland Cavaliers,East,"Jan 25, 2004",PF,6-9,266,22,2002,1,2003-2004,2004,0.5
0,Kevin Garnett,Minnesota Timberwolves,West,"Jan 25, 2004",PF,6-11,240,27,1995,8,2003-2004,2004,0.5
0,Stephon Marbury,New York Knicks,East,"Jan 18, 2004",G,6-2,180,27,1996,7,2003-2004,2004,0.5
0,Michael Finley,Dallas Mavericks,West,"Jan 18, 2004",G-F,6-7,225,30,1995,8,2003-2004,2004,0.5
0,Paul Pierce,Boston Celtics,East,"Jan 11, 2004",SF,6-7,235,26,1998,5,2003-2004,2004,0.5
0,Ray Allen,Seattle SuperSonics,West,"Jan 11, 2004",SG,6-5,205,28,1996,7,2003-2004,2004,0.5
0,Ben Wallace,Detroit Pistons,East,"Jan 4, 2004",FC,6-9,240,29,1996,7,2003-2004,2004,0.5
0,Elton Brand,Los Angeles Clippers,West,"Jan 4, 2004",PF,6-9,254,24,1999,4,2003-2004,2004,0.5
0,Jason Kidd,New Jersey Nets,East,"Dec 28, 2003",PG,6-4,210,30,1994,9,2003-2004,2004,0.5
0,Sam Cassell,Minnesota Timberwolves,West,"Dec 28, 2003",G,6-3,185,34,1993,10,2003-2004,2004,0.5
0,Tracy McGrady,Orlando Magic,East,"Dec 21, 2003",GF,6-8,210,24,1997,6,2003-2004,2004,0.5
0,Kevin Garnett,Minnesota Timberwolves,West,"Dec 21, 2003",PF,6-11,240,27,1995,8,2003-2004,2004,0.5
0,Paul Pierce,Boston Celtics,East,"Dec 14, 2003",SF,6-7,235,26,1998,5,2003-2004,2004,0.5
0,Peja Stojakovic,Sacramento Kings,West,"Dec 14, 2003",F,6-10,229,26,1996,5,2003-2004,2004,0.5
0,Vince Carter,Toronto Raptors,East,"Dec 7, 2003",SF,6-6,220,27,1998,5,2003-2004,2004,0.5
0,Shaquille O'Neal,Los Angeles Lakers,West,"Dec 7, 2003",C,7-1,325,31,1992,11,2003-2004,2004,0.5
0,Dikembe Mutombo,New York Knicks,East,"Nov 30, 2003",C,7-2,260,37,1991,12,2003-2004,2004,0.5
0,Voshon Lenard,Denver Nuggets,West,"Nov 30, 2003",SG,6-4,205,30,1994,8,2003-2004,2004,0.5
0,Chauncey Billups,Detroit Pistons,East,"Nov 23, 2003",G,6-3,210,27,1997,6,2003-2004,2004,0.5
0,Kevin Garnett,Minnesota Timberwolves,West,"Nov 23, 2003",PF,6-11,240,27,1995,8,2003-2004,2004,0.5
0,Allen Iverson,Philadelphia Sixers,East,"Nov 16, 2003",G,6-0,165,28,1996,7,2003-2004,2004,0.5
0,Quentin Richardson,Los Angeles Clippers,West,"Nov 16, 2003",GF,6-6,223,23,2000,3,2003-2004,2004,0.5
0,Metta World Peace,Indiana Pacers,East,"Nov 9, 2003",SF,6-7,260,24,1999,4,2003-2004,2004,0.5
0,Andrei Kirilenko,Utah Jazz,West,"Nov 9, 2003",PF,6-9,235,23,1999,2,2003-2004,2004,0.5
0,Baron Davis,New Orleans Hornets,East,"Nov 2, 2003",G,6-3,215,24,1999,4,2003-2004,2004,0.5
0,Rashard Lewis,Seattle SuperSonics,West,"Nov 2, 2003",F,6-10,235,24,1998,5,2003-2004,2004,0.5
0,Jason Kidd,New Jersey Nets,East,"Apr 17, 2005",PG,6-4,210,31,1994,10,2004-2005,2005,0.5
0,Tracy McGrady,Houston Rockets,West,"Apr 17, 2005",GF,6-8,210,25,1997,7,2004-2005,2005,0.5
0,Vince Carter,New Jersey Nets,East,"Apr 10, 2005",SF,6-6,220,28,1998,6,2004-2005,2005,0.5
0,Baron Davis,Golden State Warriors,West,"Apr 10, 2005",G,6-3,215,25,1999,5,2004-2005,2005,0.5
0,Reggie Miller,Indiana Pacers,East,"Apr 3, 2005",SG,6-7,185,39,1987,17,2004-2005,2005,0.5
0,Baron Davis,Golden State Warriors,West,"Apr 3, 2005",G,6-3,215,25,1999,5,2004-2005,2005,0.5
0,Allen Iverson,Philadelphia Sixers,East,"Mar 27, 2005",G,6-0,165,29,1996,8,2004-2005,2005,0.5
0,Ray Allen,Seattle SuperSonics,West,"Mar 27, 2005",SG,6-5,205,29,1996,8,2004-2005,2005,0.5
0,Chauncey Billups,Detroit Pistons,East,"Mar 20, 2005",G,6-3,210,28,1997,7,2004-2005,2005,0.5
0,Jason Richardson,Golden State Warriors,West,"Mar 20, 2005",GF,6-6,225,24,2001,3,2004-2005,2005,0.5
0,Paul Pierce,Boston Celtics,East,"Mar 13, 2005",SF,6-7,235,27,1998,6,2004-2005,2005,0.5
0,Tracy McGrady,Houston Rockets,West,"Mar 13, 2005",GF,6-8,210,25,1997,7,2004-2005,2005,0.5
0,Allen Iverson,Philadelphia Sixers,East,"Mar 6, 2005",G,6-0,165,29,1996,8,2004-2005,2005,0.5
0,Marcus Camby,Denver Nuggets,West,"Mar 6, 2005",C,6-11,240,30,1996,8,2004-2005,2005,0.5
0,Jalen Rose,Toronto Raptors,East,"Feb 27, 2005",G,6-8,210,32,1994,10,2004-2005,2005,0.5
0,Mike Bibby,Sacramento Kings,West,"Feb 27, 2005",G,6-2,195,26,1998,6,2004-2005,2005,0.5
0,Allen Iverson,Philadelphia Sixers,East,"Feb 13, 2005",G,6-0,165,29,1996,8,2004-2005,2005,0.5
0,Steve Nash,Phoenix Suns,West,"Feb 13, 2005",G,6-3,178,31,1996,8,2004-2005,2005,0.5
0,Paul Pierce,Boston Celtics,East,"Feb 6, 2005",SF,6-7,235,27,1998,6,2004-2005,2005,0.5
0,Tracy McGrady,Houston Rockets,West,"Feb 6, 2005",GF,6-8,210,25,1997,7,2004-2005,2005,0.5
0,Vince Carter,New Jersey Nets,East,"Jan 30, 2005",SF,6-6,220,28,1998,6,2004-2005,2005,0.5
0,Brad Miller,Sacramento Kings,West,"Jan 30, 2005",C,7-0,261,28,1998,6,2004-2005,2005,0.5
0,LeBron James,Cleveland Cavaliers,East,"Jan 23, 2005",F,6-8,250,20,2003,1,2004-2005,2005,0.5
0,Jason Terry,Dallas Mavericks,West,"Jan 23, 2005",G,6-2,185,27,1999,5,2004-2005,2005,0.5
0,Larry Hughes,Washington Wizards,East,"Jan 16, 2005",G,6-5,184,26,1998,6,2004-2005,2005,0.5
0,Tracy McGrady,Houston Rockets,West,"Jan 16, 2005",GF,6-8,210,25,1997,7,2004-2005,2005,0.5
0,Chris Bosh,Toronto Raptors,East,"Jan 9, 2005",PF,6-11,235,20,2003,1,2004-2005,2005,0.5
0,Bruce Bowen,San Antonio Spurs,West,"Jan 9, 2005",F,6-7,200,33,1993,9,2004-2005,2005,0.5
0,Stephon Marbury,New York Knicks,East,"Jan 2, 2005",G,6-2,180,28,1996,8,2004-2005,2005,0.5
0,Pau Gasol,Memphis Grizzlies,West,"Jan 2, 2005",FC,7-0,250,24,2001,3,2004-2005,2005,0.5
0,Allen Iverson,Philadelphia Sixers,East,"Dec 26, 2004",G,6-0,165,29,1996,8,2004-2005,2005,0.5
0,Steve Nash,Phoenix Suns,West,"Dec 26, 2004",G,6-3,178,31,1996,8,2004-2005,2005,0.5
0,Shaquille O'Neal,Miami Heat,East,"Dec 19, 2004",C,7-1,325,32,1992,12,2004-2005,2005,0.5
0,Shawn Marion,Phoenix Suns,West,"Dec 19, 2004",F,6-7,228,26,1999,5,2004-2005,2005,0.5
0,Richard Jefferson,New Jersey Nets,East,"Dec 12, 2004",SF,6-7,233,24,2001,3,2004-2005,2005,0.5
0,Amar'e Stoudemire,Phoenix Suns,West,"Dec 12, 2004",FC,6-10,245,22,2002,2,2004-2005,2005,0.5
0,Gilbert Arenas,Washington Wizards,East,"Dec 5, 2004",G,6-3,191,23,2001,3,2004-2005,2005,0.5
0,Dirk Nowitzki,Dallas Mavericks,West,"Dec 5, 2004",PF,7-0,245,26,1998,6,2004-2005,2005,0.5
0,LeBron James,Cleveland Cavaliers,East,"Nov 28, 2004",F,6-8,250,20,2003,1,2004-2005,2005,0.5
0,Shawn Marion,Phoenix Suns,West,"Nov 28, 2004",F,6-7,228,26,1999,5,2004-2005,2005,0.5
0,Grant Hill,Orlando Magic,East,"Nov 21, 2004",SF,6-8,225,32,1994,10,2004-2005,2005,0.5
0,Amar'e Stoudemire,Phoenix Suns,West,"Nov 21, 2004",FC,6-10,245,22,2002,2,2004-2005,2005,0.5
0,LeBron James,Cleveland Cavaliers,East,"Nov 14, 2004",F,6-8,250,20,2003,1,2004-2005,2005,0.5
0,Ray Allen,Seattle SuperSonics,West,"Nov 14, 2004",SG,6-5,205,29,1996,8,2004-2005,2005,0.5
0,Dwyane Wade,Miami Heat,East,"Nov 7, 2004",SG,6-4,220,23,2003,1,2004-2005,2005,0.5
0,Kevin Garnett,Minnesota Timberwolves,West,"Nov 7, 2004",PF,6-11,240,28,1995,9,2004-2005,2005,0.5
0,Ben Gordon,Chicago Bulls,East,"Apr 16, 2006",SG,6-3,200,22,2004,1,2005-2006,2006,0.5
0,Kobe Bryant,Los Angeles Lakers,West,"Apr 16, 2006",SG,6-6,212,27,1996,9,2005-2006,2006,0.5
0,Jamal Crawford,New York Knicks,East,"Apr 9, 2006",SG,6-5,195,25,2000,5,2005-2006,2006,0.5
0,Chris Wilcox,Seattle SuperSonics,West,"Apr 9, 2006",FC,6-10,235,23,2002,3,2005-2006,2006,0.5
0,LeBron James,Cleveland Cavaliers,East,"Apr 2, 2006",F,6-8,250,21,2003,2,2005-2006,2006,0.5
0,Yao Ming,Houston Rockets,West,"Apr 2, 2006",C,7-6,310,25,2002,3,2005-2006,2006,0.5
0,LeBron James,Cleveland Cavaliers,East,"Mar 26, 2006",F,6-8,250,21,2003,2,2005-2006,2006,0.5
0,Pau Gasol,Memphis Grizzlies,West,"Mar 26, 2006",FC,7-0,250,25,2001,4,2005-2006,2006,0.5
0,LeBron James,Cleveland Cavaliers,East,"Mar 19, 2006",F,6-8,250,21,2003,2,2005-2006,2006,0.5
0,Carmelo Anthony,Denver Nuggets,West,"Mar 19, 2006",F,6-8,240,21,2003,2,2005-2006,2006,0.5
0,Paul Pierce,Boston Celtics,East,"Mar 12, 2006",SF,6-7,235,28,1998,7,2005-2006,2006,0.5
0,Mike Bibby,Sacramento Kings,West,"Mar 12, 2006",G,6-2,195,27,1998,7,2005-2006,2006,0.5
0,Allen Iverson,Philadelphia Sixers,East,"Mar 5, 2006",G,6-0,165,30,1996,9,2005-2006,2006,0.5
0,Pau Gasol,Memphis Grizzlies,West,"Mar 5, 2006",FC,7-0,250,25,2001,4,2005-2006,2006,0.5
0,Gilbert Arenas,Washington Wizards,East,"Feb 27, 2006",G,6-3,191,24,2001,4,2005-2006,2006,0.5
0,Yao Ming,Houston Rockets,West,"Feb 27, 2006",C,7-6,310,25,2002,3,2005-2006,2006,0.5
0,Gilbert Arenas,Washington Wizards,East,"Feb 13, 2006",G,6-3,191,24,2001,4,2005-2006,2006,0.5
0,Tony Parker,San Antonio Spurs,West,"Feb 13, 2006",G,6-2,185,23,2001,4,2005-2006,2006,0.5
0,Chris Bosh,Toronto Raptors,East,"Feb 6, 2006",PF,6-11,235,21,2003,2,2005-2006,2006,0.5
0,Chris Paul,New Orleans Hornets,West,"Feb 6, 2006",PG,6-0,175,20,2005,0,2005-2006,2006,0.5
0,LeBron James,Cleveland Cavaliers,East,"Jan 30, 2006",F,6-8,250,21,2003,2,2005-2006,2006,0.5
0,Elton Brand,Los Angeles Clippers,West,"Jan 30, 2006",PF,6-9,254,26,1999,6,2005-2006,2006,0.5
0,Richard Hamilton,Detroit Pistons,East,"Jan 22, 2006",SG,6-7,193,28,1999,6,2005-2006,2006,0.5
0,Kobe Bryant,Los Angeles Lakers,West,"Jan 22, 2006",SG,6-6,212,27,1996,9,2005-2006,2006,0.5
0,Allen Iverson,Philadelphia Sixers,East,"Jan 15, 2006",G,6-0,165,30,1996,9,2005-2006,2006,0.5
0,Kevin Garnett,Minnesota Timberwolves,West,"Jan 15, 2006",PF,6-11,240,29,1995,10,2005-2006,2006,0.5
0,Mike James,Toronto Raptors,East,"Jan 8, 2006",G,6-2,188,30,1998,4,2005-2006,2006,0.5
0,Steve Nash,Phoenix Suns,West,"Jan 8, 2006",G,6-3,178,32,1996,9,2005-2006,2006,0.5
0,Dwyane Wade,Miami Heat,East,"Jan 1, 2006",SG,6-4,220,24,2003,2,2005-2006,2006,0.5
0,Shawn Marion,Phoenix Suns,West,"Jan 1, 2006",F,6-7,228,27,1999,6,2005-2006,2006,0.5
0,Vince Carter,New Jersey Nets,East,"Dec 26, 2005",SF,6-6,220,29,1998,7,2005-2006,2006,0.5
0,Kobe Bryant,Los Angeles Lakers,West,"Dec 26, 2005",SG,6-6,212,27,1996,9,2005-2006,2006,0.5
0,Joe Johnson,Atlanta Hawks,East,"Dec 19, 2005",SG,6-7,240,24,2001,4,2005-2006,2006,0.5
0,Kobe Bryant,Los Angeles Lakers,West,"Dec 19, 2005",SG,6-6,212,27,1996,9,2005-2006,2006,0.5
0,Allen Iverson,Philadelphia Sixers,East,"Dec 12, 2005",G,6-0,165,30,1996,9,2005-2006,2006,0.5
0,Elton Brand,Los Angeles Clippers,West,"Dec 12, 2005",PF,6-9,254,26,1999,6,2005-2006,2006,0.5
0,Dwyane Wade,Miami Heat,East,"Dec 5, 2005",SG,6-4,220,24,2003,2,2005-2006,2006,0.5
0,Baron Davis,Golden State Warriors,West,"Dec 5, 2005",G,6-3,215,26,1999,6,2005-2006,2006,0.5
0,Gerald Wallace,Charlotte Bobcats,East,"Nov 28, 2005",F,6-7,220,23,2001,4,2005-2006,2006,0.5
0,Steve Nash,Phoenix Suns,West,"Nov 28, 2005",G,6-3,178,32,1996,9,2005-2006,2006,0.5
0,LeBron James,Cleveland Cavaliers,East,"Nov 21, 2005",F,6-8,250,21,2003,2,2005-2006,2006,0.5
0,Elton Brand,Los Angeles Clippers,West,"Nov 21, 2005",PF,6-9,254,26,1999,6,2005-2006,2006,0.5
0,Gilbert Arenas,Washington Wizards,East,"Nov 14, 2005",G,6-3,191,24,2001,4,2005-2006,2006,0.5
0,Marcus Camby,Denver Nuggets,West,"Nov 14, 2005",C,6-11,240,31,1996,9,2005-2006,2006,0.5
0,T.J. Ford,Milwaukee Bucks,East,"Nov 7, 2005",PG,6-0,165,22,2003,2,2005-2006,2006,0.5
0,Kobe Bryant,Los Angeles Lakers,West,"Nov 7, 2005",SG,6-6,212,27,1996,9,2005-2006,2006,0.5
0,Ben Gordon,Chicago Bulls,East,"Apr 15, 2007",SG,6-3,200,23,2004,2,2006-2007,2007,0.5
0,Tracy McGrady,Houston Rockets,West,"Apr 15, 2007",GF,6-8,210,27,1997,9,2006-2007,2007,0.5
0,Gerald Wallace,Charlotte Bobcats,East,"Apr 8, 2007",F,6-7,220,24,2001,5,2006-2007,2007,0.5
0,Tim Duncan,San Antonio Spurs,West,"Apr 8, 2007",FC,6-11,250,30,1997,9,2006-2007,2007,0.5
0,Chris Bosh,Toronto Raptors,East,"Apr 1, 2007",PF,6-11,235,22,2003,3,2006-2007,2007,0.5
0,Yao Ming,Houston Rockets,West,"Apr 1, 2007",C,7-6,310,26,2002,4,2006-2007,2007,0.5
0,Gerald Wallace,Charlotte Bobcats,East,"Mar 25, 2007",F,6-7,220,24,2001,5,2006-2007,2007,0.5
0,Kobe Bryant,Los Angeles Lakers,West,"Mar 25, 2007",SG,6-6,212,28,1996,10,2006-2007,2007,0.5
0,Jason Kidd,New Jersey Nets,East,"Mar 18, 2007",PG,6-4,210,33,1994,12,2006-2007,2007,0.5
0,Kobe Bryant,Los Angeles Lakers,West,"Mar 18, 2007",SG,6-6,212,28,1996,10,2006-2007,2007,0.5
0,LeBron James,Cleveland Cavaliers,East,"Mar 11, 2007",F,6-8,250,22,2003,3,2006-2007,2007,0.5
0,Manu Ginobili,San Antonio Spurs,West,"Mar 11, 2007",SG,6-6,205,29,1999,4,2006-2007,2007,0.5
0,Al Jefferson,Boston Celtics,East,"Mar 4, 2007",FC,6-10,289,22,2004,2,2006-2007,2007,0.5
0,Kevin Martin,Sacramento Kings,West,"Mar 4, 2007",SG,6-7,199,24,2004,2,2006-2007,2007,0.5
0,Vince Carter,New Jersey Nets,East,"Feb 25, 2007",SF,6-6,220,30,1998,8,2006-2007,2007,0.5
0,Amar'e Stoudemire,Phoenix Suns,West,"Feb 25, 2007",FC,6-10,245,24,2002,4,2006-2007,2007,0.5
0,Dwyane Wade,Miami Heat,East,"Feb 11, 2007",SG,6-4,220,25,2003,3,2006-2007,2007,0.5
0,Carmelo Anthony,Denver Nuggets,West,"Feb 11, 2007",F,6-8,240,22,2003,3,2006-2007,2007,0.5
0,Dwyane Wade,Miami Heat,East,"Feb 4, 2007",SG,6-4,220,25,2003,3,2006-2007,2007,0.5
0,Mehmet Okur,Utah Jazz,West,"Feb 4, 2007",FC,6-11,249,27,2001,4,2006-2007,2007,0.5
0,Ben Gordon,Chicago Bulls,East,"Jan 28, 2007",SG,6-3,200,23,2004,2,2006-2007,2007,0.5
0,Steve Nash,Phoenix Suns,West,"Jan 28, 2007",G,6-3,178,33,1996,10,2006-2007,2007,0.5
0,Caron Butler,Washington Wizards,East,"Jan 21, 2007",SF,6-7,228,26,2002,4,2006-2007,2007,0.5
0,Steve Nash,Phoenix Suns,West,"Jan 21, 2007",G,6-3,178,33,1996,10,2006-2007,2007,0.5
0,Dwyane Wade,Miami Heat,East,"Jan 14, 2007",SG,6-4,220,25,2003,3,2006-2007,2007,0.5
0,Dirk Nowitzki,Dallas Mavericks,West,"Jan 14, 2007",PF,7-0,245,28,1998,8,2006-2007,2007,0.5
0,Gilbert Arenas,Washington Wizards,East,"Jan 7, 2007",G,6-3,191,25,2001,5,2006-2007,2007,0.5
0,Kevin Garnett,Minnesota Timberwolves,West,"Jan 7, 2007",PF,6-11,240,30,1995,11,2006-2007,2007,0.5
0,Michael Redd,Milwaukee Bucks,East,"Dec 31, 2006",G,6-6,220,27,2000,6,2006-2007,2007,0.5
0,Josh Howard,Dallas Mavericks,West,"Dec 31, 2006",GF,6-7,210,26,2003,3,2006-2007,2007,0.5
0,Mo Williams,Milwaukee Bucks,East,"Dec 24, 2006",G,6-1,198,24,2003,3,2006-2007,2007,0.5
0,Josh Howard,Dallas Mavericks,West,"Dec 24, 2006",GF,6-7,210,26,2003,3,2006-2007,2007,0.5
0,Gilbert Arenas,Washington Wizards,East,"Dec 17, 2006",G,6-3,191,25,2001,5,2006-2007,2007,0.5
0,Carlos Boozer,Utah Jazz,West,"Dec 17, 2006",PF,6-9,266,25,2002,4,2006-2007,2007,0.5
0,Gilbert Arenas,Washington Wizards,East,"Dec 10, 2006",G,6-3,191,25,2001,5,2006-2007,2007,0.5
0,Steve Nash,Phoenix Suns,West,"Dec 10, 2006",G,6-3,178,33,1996,10,2006-2007,2007,0.5
0,Michael Redd,Milwaukee Bucks,East,"Dec 3, 2006",G,6-6,220,27,2000,6,2006-2007,2007,0.5
0,Carmelo Anthony,Denver Nuggets,West,"Dec 3, 2006",F,6-8,240,22,2003,3,2006-2007,2007,0.5
0,Dwight Howard,Orlando Magic,East,"Nov 26, 2006",C,6-11,265,21,2004,2,2006-2007,2007,0.5
0,Carmelo Anthony,Denver Nuggets,West,"Nov 26, 2006",F,6-8,240,22,2003,3,2006-2007,2007,0.5
0,LeBron James,Cleveland Cavaliers,East,"Nov 19, 2006",F,6-8,250,22,2003,3,2006-2007,2007,0.5
0,Dirk Nowitzki,Dallas Mavericks,West,"Nov 19, 2006",PF,7-0,245,28,1998,8,2006-2007,2007,0.5
0,Joe Johnson,Atlanta Hawks,East,"Nov 12, 2006",SG,6-7,240,25,2001,5,2006-2007,2007,0.5
0,Yao Ming,Houston Rockets,West,"Nov 12, 2006",C,7-6,310,26,2002,4,2006-2007,2007,0.5
0,Allen Iverson,Philadelphia Sixers,East,"Nov 6, 2006",G,6-0,165,31,1996,10,2006-2007,2007,0.5
0,Carlos Boozer,Utah Jazz,West,"Nov 6, 2006",PF,6-9,266,25,2002,4,2006-2007,2007,0.5
0,Kevin Garnett,Boston Celtics,East,"Apr 13, 2008",PF,6-11,240,31,1995,12,2007-2008,2008,0.5
0,Allen Iverson,Denver Nuggets,West,"Apr 13, 2008",G,6-0,165,32,1996,11,2007-2008,2008,0.5
0,Joe Johnson,Atlanta Hawks,East,"Apr 6, 2008",SG,6-7,240,26,2001,6,2007-2008,2008,0.5
0,Kobe Bryant,Los Angeles Lakers,West,"Apr 6, 2008",SG,6-6,212,29,1996,11,2007-2008,2008,0.5
0,Jason Richardson,Charlotte Bobcats,East,"Mar 30, 2008",GF,6-6,225,27,2001,6,2007-2008,2008,0.5
0,Carmelo Anthony,Denver Nuggets,West,"Mar 30, 2008",F,6-8,240,23,2003,4,2007-2008,2008,0.5
0,Kevin Garnett,Boston Celtics,East,"Mar 23, 2008",PF,6-11,240,31,1995,12,2007-2008,2008,0.5
0,Chris Paul,New Orleans Hornets,West,"Mar 23, 2008",PG,6-0,175,22,2005,2,2007-2008,2008,0.5
0,Antawn Jamison,Washington Wizards,East,"Mar 16, 2008",F,6-9,235,31,1998,9,2007-2008,2008,0.5
0,Amar'e Stoudemire,Phoenix Suns,West,"Mar 16, 2008",FC,6-10,245,25,2002,5,2007-2008,2008,0.5
0,Jason Richardson,Charlotte Bobcats,East,"Mar 9, 2008",GF,6-6,225,27,2001,6,2007-2008,2008,0.5
0,Tracy McGrady,Houston Rockets,West,"Mar 9, 2008",GF,6-8,210,28,1997,10,2007-2008,2008,0.5
0,Andre Miller,Philadelphia Sixers,East,"Mar 2, 2008",PG,6-3,200,31,1999,8,2007-2008,2008,0.5
0,Kobe Bryant,Los Angeles Lakers,West,"Mar 2, 2008",SG,6-6,212,29,1996,11,2007-2008,2008,0.5
0,LeBron James,Cleveland Cavaliers,East,"Feb 24, 2008",F,6-8,250,23,2003,4,2007-2008,2008,0.5
0,Manu Ginobili,San Antonio Spurs,West,"Feb 24, 2008",SG,6-6,205,30,1999,5,2007-2008,2008,0.5
0,Andre Miller,Philadelphia Sixers,East,"Feb 10, 2008",PG,6-3,200,31,1999,8,2007-2008,2008,0.5
0,Amar'e Stoudemire,Phoenix Suns,West,"Feb 10, 2008",FC,6-10,245,25,2002,5,2007-2008,2008,0.5
0,Hedo Turkoglu,Orlando Magic,East,"Feb 3, 2008",F,6-10,220,28,2000,7,2007-2008,2008,0.5
0,Brad Miller,Sacramento Kings,West,"Feb 3, 2008",C,7-0,261,31,1998,9,2007-2008,2008,0.5
0,Hedo Turkoglu,Orlando Magic,East,"Jan 27, 2008",F,6-10,220,28,2000,7,2007-2008,2008,0.5
0,Al Jefferson,Minnesota Timberwolves,West,"Jan 27, 2008",FC,6-10,289,23,2004,3,2007-2008,2008,0.5
0,Gerald Wallace,Charlotte Bobcats,East,"Jan 20, 2008",F,6-7,220,25,2001,6,2007-2008,2008,0.5
0,Baron Davis,Golden State Warriors,West,"Jan 20, 2008",G,6-3,215,28,1999,8,2007-2008,2008,0.5
0,Chris Bosh,Toronto Raptors,East,"Jan 13, 2008",PF,6-11,235,23,2003,4,2007-2008,2008,0.5
0,Kobe Bryant,Los Angeles Lakers,West,"Jan 13, 2008",SG,6-6,212,29,1996,11,2007-2008,2008,0.5
0,LeBron James,Cleveland Cavaliers,East,"Jan 6, 2008",F,6-8,250,23,2003,4,2007-2008,2008,0.5
0,Allen Iverson,Denver Nuggets,West,"Jan 6, 2008",G,6-0,165,32,1996,11,2007-2008,2008,0.5
0,Paul Pierce,Boston Celtics,East,"Dec 30, 2007",SF,6-7,235,30,1998,9,2007-2008,2008,0.5
0,Chris Paul,New Orleans Hornets,West,"Dec 30, 2007",PG,6-0,175,22,2005,2,2007-2008,2008,0.5
0,Joe Johnson,Atlanta Hawks,East,"Dec 23, 2007",SG,6-7,240,26,2001,6,2007-2008,2008,0.5
0,Carmelo Anthony,Denver Nuggets,West,"Dec 23, 2007",F,6-8,240,23,2003,4,2007-2008,2008,0.5
0,Paul Pierce,Boston Celtics,East,"Dec 16, 2007",SF,6-7,235,30,1998,9,2007-2008,2008,0.5
0,Brandon Roy,Portland Trail Blazers,West,"Dec 16, 2007",G,6-6,211,23,2006,1,2007-2008,2008,0.5
0,Josh Smith,Atlanta Hawks,East,"Dec 9, 2007",PF,6-9,225,22,2004,3,2007-2008,2008,0.5
0,Brandon Roy,Portland Trail Blazers,West,"Dec 9, 2007",G,6-6,211,23,2006,1,2007-2008,2008,0.5
0,Dwight Howard,Orlando Magic,East,"Dec 2, 2007",C,6-11,265,22,2004,3,2007-2008,2008,0.5
0,Stephen Jackson,Golden State Warriors,West,"Dec 2, 2007",GF,6-8,220,29,1997,10,2007-2008,2008,0.5
0,LeBron James,Cleveland Cavaliers,East,"Nov 25, 2007",F,6-8,250,23,2003,4,2007-2008,2008,0.5
0,Tony Parker,San Antonio Spurs,West,"Nov 25, 2007",G,6-2,185,25,2001,6,2007-2008,2008,0.5
0,Dwight Howard,Orlando Magic,East,"Nov 18, 2007",C,6-11,265,22,2004,3,2007-2008,2008,0.5
0,Allen Iverson,Denver Nuggets,West,"Nov 18, 2007",G,6-0,165,32,1996,11,2007-2008,2008,0.5
0,Kevin Garnett,Boston Celtics,East,"Nov 11, 2007",PF,6-11,240,31,1995,12,2007-2008,2008,0.5
0,Yao Ming,Houston Rockets,West,"Nov 11, 2007",C,7-6,310,27,2002,5,2007-2008,2008,0.5
0,Danny Granger,Indiana Pacers,East,"Nov 4, 2007",GF,6-9,222,24,2005,2,2007-2008,2008,0.5
0,Tracy McGrady,Houston Rockets,West,"Nov 4, 2007",GF,6-8,210,28,1997,10,2007-2008,2008,0.5
0,Ben Gordon,Chicago Bulls,East,"Apr 13, 2009",SG,6-3,200,25,2004,4,2008-2009,2009,0.5
0,Brandon Roy,Portland Trail Blazers,West,"Apr 13, 2009",G,6-6,211,24,2006,2,2008-2009,2009,0.5
0,Dwight Howard,Orlando Magic,East,"Apr 6, 2009",C,6-11,265,23,2004,4,2008-2009,2009,0.5
0,Jason Kidd,Dallas Mavericks,West,"Apr 6, 2009",PG,6-4,210,35,1994,14,2008-2009,2009,0.5
0,Dwight Howard,Orlando Magic,East,"Mar 30, 2009",C,6-11,265,23,2004,4,2008-2009,2009,0.5
0,Tony Parker,San Antonio Spurs,West,"Mar 30, 2009",G,6-2,185,26,2001,7,2008-2009,2009,0.5
0,LeBron James,Cleveland Cavaliers,East,"Mar 23, 2009",F,6-8,250,24,2003,5,2008-2009,2009,0.5
0,Chris Paul,New Orleans Hornets,West,"Mar 23, 2009",PG,6-0,175,23,2005,3,2008-2009,2009,0.5
0,LeBron James,Cleveland Cavaliers,East,"Mar 16, 2009",F,6-8,250,24,2003,5,2008-2009,2009,0.5
0,Kobe Bryant,Los Angeles Lakers,West,"Mar 16, 2009",SG,6-6,212,30,1996,12,2008-2009,2009,0.5
0,Dwyane Wade,Miami Heat,East,"Mar 9, 2009",SG,6-4,220,27,2003,5,2008-2009,2009,0.5
0,Deron Williams,Utah Jazz,West,"Mar 9, 2009",PG,6-3,200,24,2005,3,2008-2009,2009,0.5
0,Devin Harris,New Jersey Nets,East,"Mar 2, 2009",G,6-3,185,26,2004,4,2008-2009,2009,0.5
0,David West,New Orleans Hornets,West,"Mar 2, 2009",PF,6-9,250,28,2003,5,2008-2009,2009,0.5
0,Dwight Howard,Orlando Magic,East,"Feb 23, 2009",C,6-11,265,23,2004,4,2008-2009,2009,0.5
0,Pau Gasol,Los Angeles Lakers,West,"Feb 23, 2009",FC,7-0,250,28,2001,7,2008-2009,2009,0.5
0,LeBron James,Cleveland Cavaliers,East,"Feb 9, 2009",F,6-8,250,24,2003,5,2008-2009,2009,0.5
0,Pau Gasol,Los Angeles Lakers,West,"Feb 9, 2009",FC,7-0,250,28,2001,7,2008-2009,2009,0.5
0,David Lee,New York Knicks,East,"Feb 2, 2009",FC,6-9,245,25,2005,3,2008-2009,2009,0.5
0,Tony Parker,San Antonio Spurs,West,"Feb 2, 2009",G,6-2,185,26,2001,7,2008-2009,2009,0.5
0,LeBron James,Cleveland Cavaliers,East,"Jan 26, 2009",F,6-8,250,24,2003,5,2008-2009,2009,0.5
0,Andrew Bynum,Los Angeles Lakers,West,"Jan 26, 2009",C,7-0,285,21,2005,3,2008-2009,2009,0.5
0,Jameer Nelson,Orlando Magic,East,"Jan 19, 2009",G,6-0,190,27,2004,4,2008-2009,2009,0.5
0,Chris Paul,New Orleans Hornets,West,"Jan 19, 2009",PG,6-0,175,23,2005,3,2008-2009,2009,0.5
0,Dwight Howard,Orlando Magic,East,"Jan 12, 2009",C,6-11,265,23,2004,4,2008-2009,2009,0.5
0,Kobe Bryant,Los Angeles Lakers,West,"Jan 12, 2009",SG,6-6,212,30,1996,12,2008-2009,2009,0.5
0,Rodney Stuckey,Detroit Pistons,East,"Jan 5, 2009",G,6-5,205,22,2007,1,2008-2009,2009,0.5
0,Al Jefferson,Minnesota Timberwolves,West,"Jan 5, 2009",FC,6-10,289,24,2004,4,2008-2009,2009,0.5
0,LeBron James,Cleveland Cavaliers,East,"Dec 29, 2008",F,6-8,250,24,2003,5,2008-2009,2009,0.5
0,Kobe Bryant,Los Angeles Lakers,West,"Dec 29, 2008",SG,6-6,212,30,1996,12,2008-2009,2009,0.5
0,Jameer Nelson,Orlando Magic,East,"Dec 22, 2008",G,6-0,190,27,2004,4,2008-2009,2009,0.5
0,Chris Paul,New Orleans Hornets,West,"Dec 22, 2008",PG,6-0,175,23,2005,3,2008-2009,2009,0.5
0,Al Harrington,New York Knicks,East,"Dec 15, 2008",F,6-9,245,29,1998,10,2008-2009,2009,0.5
0,Tim Duncan,San Antonio Spurs,West,"Dec 15, 2008",FC,6-11,250,32,1997,11,2008-2009,2009,0.5
0,Dwyane Wade,Miami Heat,East,"Dec 8, 2008",SG,6-4,220,27,2003,5,2008-2009,2009,0.5
0,Dirk Nowitzki,Dallas Mavericks,West,"Dec 8, 2008",PF,7-0,245,30,1998,10,2008-2009,2009,0.5
0,Devin Harris,New Jersey Nets,East,"Dec 1, 2008",G,6-3,185,26,2004,4,2008-2009,2009,0.5
0,Brandon Roy,Portland Trail Blazers,West,"Dec 1, 2008",G,6-6,211,24,2006,2,2008-2009,2009,0.5
0,Dwyane Wade,Miami Heat,East,"Nov 24, 2008",SG,6-4,220,27,2003,5,2008-2009,2009,0.5
0,Dirk Nowitzki,Dallas Mavericks,West,"Nov 24, 2008",PF,7-0,245,30,1998,10,2008-2009,2009,0.5
0,LeBron James,Cleveland Cavaliers,East,"Nov 17, 2008",F,6-8,250,24,2003,5,2008-2009,2009,0.5
0,Chauncey Billups,Denver Nuggets,West,"Nov 17, 2008",G,6-3,210,32,1997,11,2008-2009,2009,0.5
0,LeBron James,Cleveland Cavaliers,East,"Nov 10, 2008",F,6-8,250,24,2003,5,2008-2009,2009,0.5
0,Amar'e Stoudemire,Phoenix Suns,West,"Nov 10, 2008",FC,6-10,245,26,2002,6,2008-2009,2009,0.5
0,Chris Bosh,Toronto Raptors,East,"Nov 3, 2008",PF,6-11,235,24,2003,5,2008-2009,2009,0.5
0,Chris Paul,New Orleans Hornets,West,"Nov 3, 2008",PG,6-0,175,23,2005,3,2008-2009,2009,0.5
0,Dwight Howard,Orlando Magic,East,"Apr 12, 2010",C,6-11,265,24,2004,5,2009-2010,2010,0.5
0,Dirk Nowitzki,Dallas Mavericks,West,"Apr 12, 2010",PF,7-0,245,31,1998,11,2009-2010,2010,0.5
0,Chris Bosh,Toronto Raptors,East,"Apr 5, 2010",PF,6-11,235,25,2003,6,2009-2010,2010,0.5
0,Kevin Durant,Oklahoma City Thunder,West,"Apr 5, 2010",SF,6-9,240,21,2007,2,2009-2010,2010,0.5
0,Dwyane Wade,Miami Heat,East,"Mar 29, 2010",SG,6-4,220,28,2003,6,2009-2010,2010,0.5
0,Manu Ginobili,San Antonio Spurs,West,"Mar 29, 2010",SG,6-6,205,32,1999,7,2009-2010,2010,0.5
0,Paul Pierce,Boston Celtics,East,"Mar 22, 2010",SF,6-7,235,32,1998,11,2009-2010,2010,0.5
0,Pau Gasol,Los Angeles Lakers,West,"Mar 22, 2010",FC,7-0,250,29,2001,8,2009-2010,2010,0.5
0,Andrew Bogut,Milwaukee Bucks,East,"Mar 15, 2010",C,7-0,260,25,2005,4,2009-2010,2010,0.5
0,Brandon Roy,Portland Trail Blazers,West,"Mar 15, 2010",G,6-6,211,25,2006,3,2009-2010,2010,0.5
0,Dwyane Wade,Miami Heat,East,"Mar 8, 2010",SG,6-4,220,28,2003,6,2009-2010,2010,0.5
0,Dirk Nowitzki,Dallas Mavericks,West,"Mar 8, 2010",PF,7-0,245,31,1998,11,2009-2010,2010,0.5
0,LeBron James,Cleveland Cavaliers,East,"Mar 1, 2010",F,6-8,250,25,2003,6,2009-2010,2010,0.5
0,Dirk Nowitzki,Dallas Mavericks,West,"Mar 1, 2010",PF,7-0,245,31,1998,11,2009-2010,2010,0.5
0,Dwight Howard,Orlando Magic,East,"Feb 22, 2010",C,6-11,265,24,2004,5,2009-2010,2010,0.5
0,Carlos Boozer,Utah Jazz,West,"Feb 22, 2010",PF,6-9,266,28,2002,7,2009-2010,2010,0.5
0,LeBron James,Cleveland Cavaliers,East,"Feb 8, 2010",F,6-8,250,25,2003,6,2009-2010,2010,0.5
0,Russell Westbrook,Oklahoma City Thunder,West,"Feb 8, 2010",G,6-3,200,21,2008,1,2009-2010,2010,0.5
0,Chris Bosh,Toronto Raptors,East,"Feb 1, 2010",PF,6-11,235,25,2003,6,2009-2010,2010,0.5
0,Kevin Durant,Oklahoma City Thunder,West,"Feb 1, 2010",SF,6-9,240,21,2007,2,2009-2010,2010,0.5
0,LeBron James,Cleveland Cavaliers,East,"Jan 25, 2010",F,6-8,250,25,2003,6,2009-2010,2010,0.5
0,Chauncey Billups,Denver Nuggets,West,"Jan 25, 2010",G,6-3,210,33,1997,12,2009-2010,2010,0.5
0,Stephen Jackson,Charlotte Bobcats,East,"Jan 19, 2010",GF,6-8,220,31,1997,12,2009-2010,2010,0.5
0,Carmelo Anthony,Denver Nuggets,West,"Jan 19, 2010",F,6-8,240,25,2003,6,2009-2010,2010,0.5
0,LeBron James,Cleveland Cavaliers,East,"Jan 11, 2010",F,6-8,250,25,2003,6,2009-2010,2010,0.5
0,Chris Kaman,Los Angeles Clippers,East,"Jan 11, 2010",C,7-0,265,27,2003,6,2009-2010,2010,0.5
0,Derrick Rose,Chicago Bulls,East,"Jan 4, 2010",PG,6-3,190,21,2008,1,2009-2010,2010,0.5
0,Kevin Durant,Oklahoma City Thunder,West,"Jan 4, 2010",SF,6-9,240,21,2007,2,2009-2010,2010,0.5
0,LeBron James,Cleveland Cavaliers,East,"Dec 28, 2009",F,6-8,250,25,2003,6,2009-2010,2010,0.5
0,Kobe Bryant,Los Angeles Lakers,West,"Dec 28, 2009",SG,6-6,212,31,1996,13,2009-2010,2010,0.5
0,Dwight Howard,Orlando Magic,East,"Dec 21, 2009",C,6-11,265,24,2004,5,2009-2010,2010,0.5
0,Kobe Bryant,Los Angeles Lakers,West,"Dec 21, 2009",SG,6-6,212,31,1996,13,2009-2010,2010,0.5
0,Rodney Stuckey,Detroit Pistons,East,"Dec 14, 2009",G,6-5,205,23,2007,2,2009-2010,2010,0.5
0,Deron Williams,Utah Jazz,West,"Dec 14, 2009",PG,6-3,200,25,2005,4,2009-2010,2010,0.5
0,Kevin Garnett,Boston Celtics,East,"Dec 7, 2009",PF,6-11,240,33,1995,14,2009-2010,2010,0.5
0,Carlos Boozer,Utah Jazz,West,"Dec 7, 2009",PF,6-9,266,28,2002,7,2009-2010,2010,0.5
0,Gerald Wallace,Charlotte Bobcats,East,"Nov 30, 2009",F,6-7,220,27,2001,8,2009-2010,2010,0.5
0,Tim Duncan,San Antonio Spurs,West,"Nov 30, 2009",FC,6-11,250,33,1997,12,2009-2010,2010,0.5
0,LeBron James,Cleveland Cavaliers,East,"Nov 23, 2009",F,6-8,250,25,2003,6,2009-2010,2010,0.5
0,Kobe Bryant,Los Angeles Lakers,West,"Nov 23, 2009",SG,6-6,212,31,1996,13,2009-2010,2010,0.5
0,Brandon Jennings,Milwaukee Bucks,East,"Nov 16, 2009",G,6-1,170,20,2009,0,2009-2010,2010,0.5
0,Dirk Nowitzki,Dallas Mavericks,West,"Nov 16, 2009",PF,7-0,245,31,1998,11,2009-2010,2010,0.5
0,Joe Johnson,Atlanta Hawks,East,"Nov 9, 2009",SG,6-7,240,28,2001,8,2009-2010,2010,0.5
0,Chris Kaman,Los Angeles Clippers,West,"Nov 9, 2009",C,7-0,265,27,2003,6,2009-2010,2010,0.5
0,Dwight Howard,Orlando Magic,East,"Nov 2, 2009",C,6-11,265,24,2004,5,2009-2010,2010,0.5
0,Carmelo Anthony,Denver Nuggets,West,"Nov 2, 2009",F,6-8,240,25,2003,6,2009-2010,2010,0.5
0,Carmelo Anthony,New York Knicks,East,"Apr 11, 2011",F,6-8,240,26,2003,7,2010-2011,2011,0.5
0,Kevin Durant,Oklahoma City Thunder,West,"Apr 11, 2011",SF,6-9,240,22,2007,3,2010-2011,2011,0.5
0,Carmelo Anthony,New York Knicks,East,"Apr 4, 2011",F,6-8,240,26,2003,7,2010-2011,2011,0.5
0,Zach Randolph,Memphis Grizzlies,West,"Apr 4, 2011",PF,6-9,260,29,2001,9,2010-2011,2011,0.5
0,Dwight Howard,Orlando Magic,East,"Mar 28, 2011",C,6-11,265,25,2004,6,2010-2011,2011,0.5
0,Kobe Bryant,Los Angeles Lakers,West,"Mar 28, 2011",SG,6-6,212,32,1996,14,2010-2011,2011,0.5
0,LeBron James,Miami Heat,East,"Mar 21, 2011",F,6-8,250,26,2003,7,2010-2011,2011,0.5
0,Kyle Lowry,Houston Rockets,West,"Mar 21, 2011",PG,6-1,196,24,2006,4,2010-2011,2011,0.5
0,Dwyane Wade,Miami Heat,East,"Mar 14, 2011",SG,6-4,220,29,2003,7,2010-2011,2011,0.5
0,Tony Parker,San Antonio Spurs,West,"Mar 14, 2011",G,6-2,185,28,2001,9,2010-2011,2011,0.5
0,Paul Pierce,Boston Celtics,East,"Mar 7, 2011",SF,6-7,235,33,1998,12,2010-2011,2011,0.5
0,Russell Westbrook,Oklahoma City Thunder,West,"Mar 7, 2011",G,6-3,200,22,2008,2,2010-2011,2011,0.5
0,Dwight Howard,Orlando Magic,East,"Feb 28, 2011",C,6-11,265,25,2004,6,2010-2011,2011,0.5
0,Kevin Martin,Houston Rockets,West,"Feb 28, 2011",SG,6-7,199,28,2004,6,2010-2011,2011,0.5
0,Dwight Howard,Orlando Magic,East,"Feb 14, 2011",C,6-11,265,25,2004,6,2010-2011,2011,0.5
0,LaMarcus Aldridge,Portland Trail Blazers,West,"Feb 14, 2011",FC,6-11,260,25,2006,4,2010-2011,2011,0.5
0,LeBron James,Miami Heat,East,"Feb 7, 2011",F,6-8,250,26,2003,7,2010-2011,2011,0.5
0,Kevin Durant,Oklahoma City Thunder,West,"Feb 7, 2011",SF,6-9,240,22,2007,3,2010-2011,2011,0.5
0,LeBron James,Miami Heat,East,"Jan 31, 2011",F,6-8,250,26,2003,7,2010-2011,2011,0.5
0,Zach Randolph,Memphis Grizzlies,West,"Jan 31, 2011",PF,6-9,260,29,2001,9,2010-2011,2011,0.5
0,Dwight Howard,Orlando Magic,East,"Jan 24, 2011",C,6-11,265,25,2004,6,2010-2011,2011,0.5
0,LaMarcus Aldridge,Portland Trail Blazers,West,"Jan 24, 2011",FC,6-11,260,25,2006,4,2010-2011,2011,0.5
0,Derrick Rose,Chicago Bulls,East,"Jan 18, 2011",PG,6-3,190,22,2008,2,2010-2011,2011,0.5
0,Russell Westbrook,Oklahoma City Thunder,West,"Jan 18, 2011",G,6-3,200,22,2008,2,2010-2011,2011,0.5
0,LeBron James,Miami Heat,East,"Jan 10, 2011",F,6-8,250,26,2003,7,2010-2011,2011,0.5
0,Zach Randolph,Memphis Grizzlies,West,"Jan 10, 2011",PF,6-9,260,29,2001,9,2010-2011,2011,0.5
0,Dwyane Wade,Miami Heat,East,"Jan 3, 2011",SG,6-4,220,29,2003,7,2010-2011,2011,0.5
0,Chauncey Billups,Denver Nuggets,West,"Jan 3, 2011",G,6-3,210,34,1997,13,2010-2011,2011,0.5
0,LeBron James,Miami Heat,East,"Dec 27, 2010",F,6-8,250,26,2003,7,2010-2011,2011,0.5
0,Monta Ellis,Golden State Warriors,West,"Dec 27, 2010",G,6-3,185,25,2005,5,2010-2011,2011,0.5
0,Paul Pierce,Boston Celtics,East,"Dec 20, 2010",SF,6-7,235,33,1998,12,2010-2011,2011,0.5
0,Tony Parker,San Antonio Spurs,West,"Dec 20, 2010",G,6-2,185,28,2001,9,2010-2011,2011,0.5
0,Dwyane Wade,Miami Heat,East,"Dec 13, 2010",SG,6-4,220,29,2003,7,2010-2011,2011,0.5
0,Dirk Nowitzki,Dallas Mavericks,West,"Dec 13, 2010",PF,7-0,245,32,1998,12,2010-2011,2011,0.5
0,Amar'e Stoudemire,New York Knicks,East,"Dec 6, 2010",FC,6-10,245,28,2002,8,2010-2011,2011,0.5
0,Russell Westbrook,Oklahoma City Thunder,West,"Dec 6, 2010",G,6-3,200,22,2008,2,2010-2011,2011,0.5
0,Dwight Howard,Orlando Magic,East,"Nov 29, 2010",C,6-11,265,25,2004,6,2010-2011,2011,0.5
0,Dirk Nowitzki,Dallas Mavericks,West,"Nov 29, 2010",PF,7-0,245,32,1998,12,2010-2011,2011,0.5
0,Amar'e Stoudemire,New York Knicks,East,"Nov 22, 2010",FC,6-10,245,28,2002,8,2010-2011,2011,0.5
0,Russell Westbrook,Oklahoma City Thunder,West,"Nov 22, 2010",G,6-3,200,22,2008,2,2010-2011,2011,0.5
0,Derrick Rose,Chicago Bulls,East,"Nov 15, 2010",PG,6-3,190,22,2008,2,2010-2011,2011,0.5
0,Deron Williams,Utah Jazz,West,"Nov 15, 2010",PG,6-3,200,26,2005,5,2010-2011,2011,0.5
0,Dwight Howard,Orlando Magic,East,"Nov 8, 2010",C,6-11,265,25,2004,6,2010-2011,2011,0.5
0,Chris Paul,New Orleans Hornets,West,"Nov 8, 2010",PG,6-0,175,25,2005,5,2010-2011,2011,0.5
0,Rajon Rondo,Boston Celtics,East,"Nov 1, 2010",PG,6-1,186,25,2006,4,2010-2011,2011,0.5
0,Pau Gasol,Los Angeles Lakers,West,"Nov 1, 2010",FC,7-0,250,30,2001,9,2010-2011,2011,0.5
0,LeBron James,Miami Heat,East,"Apr 23, 2012",F,6-8,250,27,2003,8,2011-2012,2012,0.5
0,Al Jefferson,Utah Jazz,West,"Apr 23, 2012",FC,6-10,289,27,2004,7,2011-2012,2012,0.5
0,Kevin Garnett,Boston Celtics,East,"Apr 16, 2012",PF,6-11,240,35,1995,16,2011-2012,2012,0.5
0,Andrew Bynum,Los Angeles Lakers,West,"Apr 16, 2012",C,7-0,285,24,2005,6,2011-2012,2012,0.5
0,LeBron James,Miami Heat,East,"Apr 9, 2012",F,6-8,250,27,2003,8,2011-2012,2012,0.5
0,Goran Dragic,Houston Rockets,West,"Apr 9, 2012",G,6-3,190,25,2008,3,2011-2012,2012,0.5
0,Paul Pierce,Boston Celtics,East,"Apr 2, 2012",SF,6-7,235,34,1998,13,2011-2012,2012,0.5
0,Chris Paul,Los Angeles Clippers,West,"Apr 2, 2012",PG,6-0,175,26,2005,6,2011-2012,2012,0.5
0,Joe Johnson,Atlanta Hawks,East,"Mar 26, 2012",SG,6-7,240,30,2001,10,2011-2012,2012,0.5
0,Kevin Durant,Oklahoma City Thunder,West,"Mar 26, 2012",SF,6-9,240,23,2007,4,2011-2012,2012,0.5
0,Drew Gooden,Milwaukee Bucks,East,"Mar 19, 2012",FC,6-10,250,30,2002,9,2011-2012,2012,0.5
0,Andrew Bynum,Los Angeles Lakers,West,"Mar 19, 2012",C,7-0,285,24,2005,6,2011-2012,2012,0.5
0,Ersan Ilyasova,Milwaukee Bucks,East,"Mar 12, 2012",F,6-10,235,24,2005,4,2011-2012,2012,0.5
0,Monta Ellis,Golden State Warriors,West,"Mar 12, 2012",G,6-3,185,26,2005,6,2011-2012,2012,0.5
0,Derrick Rose,Chicago Bulls,East,"Mar 5, 2012",PG,6-3,190,23,2008,3,2011-2012,2012,0.5
0,Ty Lawson,Denver Nuggets,West,"Mar 5, 2012",PG,5-11,195,24,2009,2,2011-2012,2012,0.5
0,LeBron James,Miami Heat,East,"Feb 20, 2012",F,6-8,250,27,2003,8,2011-2012,2012,0.5
0,Kevin Durant,Oklahoma City Thunder,West,"Feb 20, 2012",SF,6-9,240,23,2007,4,2011-2012,2012,0.5
0,Jeremy Lin,New York Knicks,East,"Feb 13, 2012",G,6-3,200,23,2010,1,2011-2012,2012,0.5
0,Russell Westbrook,Oklahoma City Thunder,West,"Feb 13, 2012",G,6-3,200,23,2008,3,2011-2012,2012,0.5
0,Paul Pierce,Boston Celtics,East,"Feb 6, 2012",SF,6-7,235,34,1998,13,2011-2012,2012,0.5
0,Tony Parker,San Antonio Spurs,West,"Feb 6, 2012",G,6-2,185,29,2001,10,2011-2012,2012,0.5
0,LeBron James,Miami Heat,East,"Jan 30, 2012",F,6-8,250,27,2003,8,2011-2012,2012,0.5
0,Russell Westbrook,Oklahoma City Thunder,West,"Jan 30, 2012",G,6-3,200,23,2008,3,2011-2012,2012,0.5
0,Dwight Howard,Orlando Magic,East,"Jan 23, 2012",C,6-11,265,26,2004,7,2011-2012,2012,0.5
0,Marc Gasol,Memphis Grizzlies,West,"Jan 23, 2012",C,7-1,255,27,2007,3,2011-2012,2012,0.5
0,Derrick Rose,Chicago Bulls,East,"Jan 16, 2012",PG,6-3,190,23,2008,3,2011-2012,2012,0.5
0,Kobe Bryant,Los Angeles Lakers,West,"Jan 16, 2012",SG,6-6,212,33,1996,15,2011-2012,2012,0.5
0,LeBron James,Miami Heat,East,"Jan 9, 2012",F,6-8,250,27,2003,8,2011-2012,2012,0.5
0,Kobe Bryant,Los Angeles Lakers,West,"Jan 9, 2012",SG,6-6,212,33,1996,15,2011-2012,2012,0.5
0,LeBron James,Miami Heat,East,"Jan 3, 2012",F,6-8,250,27,2003,8,2011-2012,2012,0.5
0,Kevin Durant,Oklahoma City Thunder,West,"Jan 3, 2012",SF,6-9,240,23,2007,4,2011-2012,2012,0.5
0,Carmelo Anthony,New York Knicks,East,"Apr 15, 2013",F,6-8,240,28,2003,9,2012-2013,2013,0.5
0,Kobe Bryant,Los Angeles Lakers,West,"Apr 15, 2013",SG,6-6,212,34,1996,16,2012-2013,2013,0.5
0,Carmelo Anthony,New York Knicks,East,"Apr 8, 2013",F,6-8,240,28,2003,9,2012-2013,2013,0.5
0,Nikola Pekovic,Minnesota Timberwolves,West,"Apr 8, 2013",PF,6-11,307,27,2008,2,2012-2013,2013,0.5
0,J.R. Smith,New York Knicks,East,"Apr 1, 2013",SG,6-6,225,27,2004,8,2012-2013,2013,0.5
0,Al Jefferson,Utah Jazz,West,"Apr 1, 2013",FC,6-10,289,28,2004,8,2012-2013,2013,0.5
0,LeBron James,Miami Heat,East,"Mar 25, 2013",F,6-8,250,28,2003,9,2012-2013,2013,0.5
0,James Harden,Houston Rockets,West,"Mar 25, 2013",SG,6-5,220,23,2009,3,2012-2013,2013,0.5
0,John Wall,Washington Wizards,East,"Mar 18, 2013",PG,6-4,210,22,2010,2,2012-2013,2013,0.5
0,LaMarcus Aldridge,Portland Trail Blazers,West,"Mar 18, 2013",FC,6-11,260,27,2006,6,2012-2013,2013,0.5
0,Dwyane Wade,Miami Heat,East,"Mar 11, 2013",SG,6-4,220,31,2003,9,2012-2013,2013,0.5
0,Kobe Bryant,Los Angeles Lakers,West,"Mar 11, 2013",SG,6-6,212,34,1996,16,2012-2013,2013,0.5
0,Monta Ellis,Milwaukee Bucks,East,"Mar 4, 2013",G,6-3,185,27,2005,7,2012-2013,2013,0.5
0,Ty Lawson,Denver Nuggets,West,"Mar 4, 2013",PG,5-11,195,25,2009,3,2012-2013,2013,0.5
0,LeBron James,Miami Heat,East,"Feb 25, 2013",F,6-8,250,28,2003,9,2012-2013,2013,0.5
0,Kobe Bryant,Los Angeles Lakers,West,"Feb 25, 2013",SG,6-6,212,34,1996,16,2012-2013,2013,0.5
0,LeBron James,Miami Heat,East,"Feb 11, 2013",F,6-8,250,28,2003,9,2012-2013,2013,0.5
0,Russell Westbrook,Oklahoma City Thunder,West,"Feb 11, 2013",G,6-3,200,24,2008,4,2012-2013,2013,0.5
0,Nate Robinson,Chicago Bulls,East,"Feb 4, 2013",G,5-9,180,28,2005,7,2012-2013,2013,0.5
0,David Lee,Golden State Warriors,West,"Feb 4, 2013",FC,6-9,245,29,2005,7,2012-2013,2013,0.5
0,Kyrie Irving,Cleveland Cavaliers,East,"Jan 28, 2013",G,6-3,193,20,2011,1,2012-2013,2013,0.5
0,Tony Parker,San Antonio Spurs,West,"Jan 28, 2013",G,6-2,185,30,2001,11,2012-2013,2013,0.5
0,Carlos Boozer,Chicago Bulls,East,"Jan 21, 2013",PF,6-9,266,31,2002,10,2012-2013,2013,0.5
0,Kevin Durant,Oklahoma City Thunder,West,"Jan 21, 2013",SF,6-9,240,24,2007,5,2012-2013,2013,0.5
0,Brandon Jennings,Milwaukee Bucks,East,"Jan 14, 2013",G,6-1,170,23,2009,3,2012-2013,2013,0.5
0,Kevin Durant,Oklahoma City Thunder,West,"Jan 14, 2013",SF,6-9,240,24,2007,5,2012-2013,2013,0.5
0,Carmelo Anthony,New York Knicks,East,"Jan 7, 2013",F,6-8,240,28,2003,9,2012-2013,2013,0.5
0,James Harden,Houston Rockets,West,"Jan 7, 2013",SG,6-5,220,23,2009,3,2012-2013,2013,0.5
0,Monta Ellis,Milwaukee Bucks,East,"Dec 31, 2012",G,6-3,185,27,2005,7,2012-2013,2013,0.5
0,Greivis Vasquez,New Orleans Hornets,West,"Dec 31, 2012",G,6-6,217,26,2010,2,2012-2013,2013,0.5
0,LeBron James,Miami Heat,East,"Dec 24, 2012",F,6-8,250,28,2003,9,2012-2013,2013,0.5
0,Chris Paul,Los Angeles Clippers,West,"Dec 24, 2012",PG,6-0,175,27,2005,7,2012-2013,2013,0.5
0,Paul George,Indiana Pacers,East,"Dec 17, 2012",GF,6-9,220,22,2010,2,2012-2013,2013,0.5
0,David Lee,Golden State Warriors,West,"Dec 17, 2012",FC,6-9,245,29,2005,7,2012-2013,2013,0.5
0,Josh Smith,Atlanta Hawks,East,"Dec 10, 2012",PF,6-9,225,27,2004,8,2012-2013,2013,0.5
0,Blake Griffin,Los Angeles Clippers,West,"Dec 10, 2012",PF,6-10,250,23,2009,3,2012-2013,2013,0.5
0,Carmelo Anthony,New York Knicks,East,"Dec 3, 2012",F,6-8,240,28,2003,9,2012-2013,2013,0.5
0,Kevin Durant,Oklahoma City Thunder,West,"Dec 3, 2012",SF,6-9,240,24,2007,5,2012-2013,2013,0.5
0,Al Horford,Atlanta Hawks,East,"Nov 26, 2012",FC,6-10,245,26,2007,5,2012-2013,2013,0.5
0,Tim Duncan,San Antonio Spurs,West,"Nov 26, 2012",FC,6-11,250,36,1997,15,2012-2013,2013,0.5
0,LeBron James,Miami Heat,East,"Nov 19, 2012",F,6-8,250,28,2003,9,2012-2013,2013,0.5
0,Kevin Durant,Oklahoma City Thunder,West,"Nov 19, 2012",SF,6-9,240,24,2007,5,2012-2013,2013,0.5
0,LeBron James,Miami Heat,East,"Nov 12, 2012",F,6-8,250,28,2003,9,2012-2013,2013,0.5
0,Kenneth Faried,Denver Nuggets,West,"Nov 12, 2012",F,6-8,220,23,2011,1,2012-2013,2013,0.5
0,Brandon Jennings,Milwaukee Bucks,East,"Nov 5, 2012",G,6-1,170,23,2009,3,2012-2013,2013,0.5
0,James Harden,Houston Rockets,West,"Nov 5, 2012",SG,6-5,220,23,2009,3,2012-2013,2013,0.5
0,Jeff Teague,Atlanta Hawks,East,"Apr 14, 2014",PG,6-2,186,25,2009,4,2013-2014,2014,0.5
0,Monta Ellis,Dallas Mavericks,West,"Apr 14, 2014",G,6-3,185,28,2005,8,2013-2014,2014,0.5
0,Al Jefferson,Charlotte Bobcats,East,"Apr 7, 2014",FC,6-10,289,29,2004,9,2013-2014,2014,0.5
0,Dirk Nowitzki,Dallas Mavericks,West,"Apr 7, 2014",PF,7-0,245,35,1998,15,2013-2014,2014,0.5
0,Nikola Vucevic,Orlando Magic,East,"Mar 31, 2014",PF,7-0,260,23,2011,2,2013-2014,2014,0.5
0,Tim Duncan,San Antonio Spurs,West,"Mar 31, 2014",FC,6-11,250,37,1997,16,2013-2014,2014,0.5
0,Joe Johnson,Brooklyn Nets,East,"Mar 24, 2014",SG,6-7,240,32,2001,12,2013-2014,2014,0.5
0,Kevin Durant,Oklahoma City Thunder,West,"Mar 24, 2014",SF,6-9,240,25,2007,6,2013-2014,2014,0.5
0,Al Jefferson,Charlotte Bobcats,East,"Mar 17, 2014",FC,6-10,289,29,2004,9,2013-2014,2014,0.5
0,Blake Griffin,Los Angeles Clippers,West,"Mar 17, 2014",PF,6-10,250,24,2009,4,2013-2014,2014,0.5
0,Carmelo Anthony,New York Knicks,East,"Mar 10, 2014",F,6-8,240,29,2003,10,2013-2014,2014,0.5
0,James Harden,Houston Rockets,West,"Mar 10, 2014",SG,6-5,220,24,2009,4,2013-2014,2014,0.5
0,John Wall,Washington Wizards,East,"Mar 3, 2014",PG,6-4,210,23,2010,3,2013-2014,2014,0.5
0,James Harden,Houston Rockets,West,"Mar 3, 2014",SG,6-5,220,24,2009,4,2013-2014,2014,0.5
0,Kemba Walker,Charlotte Bobcats,East,"Feb 24, 2014",G,6-1,184,23,2011,2,2013-2014,2014,0.5
0,Kevin Love,Minnesota Timberwolves,West,"Feb 24, 2014",FC,6-10,251,25,2008,5,2013-2014,2014,0.5
0,Jared Sullinger,Boston Celtics,East,"Feb 10, 2014",C,6-9,260,21,2012,1,2013-2014,2014,0.5
0,Kevin Durant,Oklahoma City Thunder,West,"Feb 10, 2014",SF,6-9,240,25,2007,6,2013-2014,2014,0.5
0,Kyle Lowry,Toronto Raptors,East,"Feb 3, 2014",PG,6-1,196,27,2006,7,2013-2014,2014,0.5
0,Goran Dragic,Phoenix Suns,West,"Feb 3, 2014",G,6-3,190,27,2008,5,2013-2014,2014,0.5
0,Paul Millsap,Atlanta Hawks,East,"Jan 27, 2014",FC,6-8,246,29,2006,7,2013-2014,2014,0.5
0,Kevin Durant,Oklahoma City Thunder,West,"Jan 27, 2014",SF,6-9,240,25,2007,6,2013-2014,2014,0.5
0,Paul George,Indiana Pacers,East,"Jan 20, 2014",GF,6-9,220,23,2010,3,2013-2014,2014,0.5
0,Kevin Durant,Oklahoma City Thunder,West,"Jan 20, 2014",SF,6-9,240,25,2007,6,2013-2014,2014,0.5
0,Carmelo Anthony,New York Knicks,East,"Jan 13, 2014",F,6-8,240,29,2003,10,2013-2014,2014,0.5
0,DeMarcus Cousins,Sacramento Kings,West,"Jan 13, 2014",C,6-11,270,23,2010,3,2013-2014,2014,0.5
0,Thaddeus Young,Philadelphia Sixers,East,"Jan 6, 2014",F,6-8,221,25,2007,6,2013-2014,2014,0.5
0,David Lee,Golden State Warriors,West,"Jan 6, 2014",FC,6-9,245,30,2005,8,2013-2014,2014,0.5
0,Chris Bosh,Miami Heat,East,"Dec 30, 2013",PF,6-11,235,29,2003,10,2013-2014,2014,0.5
0,Kevin Durant,Oklahoma City Thunder,West,"Dec 30, 2013",SF,6-9,240,25,2007,6,2013-2014,2014,0.5
0,Dwyane Wade,Miami Heat,East,"Dec 23, 2013",SG,6-4,220,32,2003,10,2013-2014,2014,0.5
0,Blake Griffin,Los Angeles Clippers,West,"Dec 23, 2013",PF,6-10,250,24,2009,4,2013-2014,2014,0.5
0,Kyrie Irving,Cleveland Cavaliers,East,"Dec 16, 2013",G,6-3,193,21,2011,2,2013-2014,2014,0.5
0,LaMarcus Aldridge,Portland Trail Blazers,West,"Dec 16, 2013",FC,6-11,260,28,2006,7,2013-2014,2014,0.5
0,Jordan Crawford,Boston Celtics,East,"Dec 9, 2013",G,6-5,195,25,2010,3,2013-2014,2014,0.5
0,LaMarcus Aldridge,Portland Trail Blazers,West,"Dec 9, 2013",FC,6-11,260,28,2006,7,2013-2014,2014,0.5
0,LeBron James,Miami Heat,East,"Dec 2, 2013",F,6-8,250,29,2003,10,2013-2014,2014,0.5
0,Kevin Durant,Oklahoma City Thunder,West,"Dec 2, 2013",SF,6-9,240,25,2007,6,2013-2014,2014,0.5
0,John Wall,Washington Wizards,East,"Nov 25, 2013",PG,6-4,210,23,2010,3,2013-2014,2014,0.5
0,LaMarcus Aldridge,Portland Trail Blazers,West,"Nov 25, 2013",FC,6-11,260,28,2006,7,2013-2014,2014,0.5
0,LeBron James,Miami Heat,East,"Nov 18, 2013",F,6-8,250,29,2003,10,2013-2014,2014,0.5
0,Blake Griffin,Los Angeles Clippers,West,"Nov 18, 2013",PF,6-10,250,24,2009,4,2013-2014,2014,0.5
0,Paul George,Indiana Pacers,East,"Nov 11, 2013",GF,6-9,220,23,2010,3,2013-2014,2014,0.5
0,Markieff Morris,Phoenix Suns,West,"Nov 11, 2013",PF,6-10,245,24,2011,2,2013-2014,2014,0.5
0,Michael Carter-Williams,Philadelphia Sixers,East,"Nov 4, 2013",PG,6-6,190,22,2013,0,2013-2014,2014,0.5
0,Kevin Love,Minnesota Timberwolves,West,"Nov 4, 2013",FC,6-10,251,25,2008,5,2013-2014,2014,0.5
0,Isaiah Thomas,Boston Celtics,East,"Apr 13, 2015",PG,5-9,185,26,2011,3,2014-2015,2015,0.5
0,Tim Duncan,San Antonio Spurs,West,"Apr 13, 2015",FC,6-11,250,38,1997,17,2014-2015,2015,0.5
0,Brook Lopez,Brooklyn Nets,East,"Apr 6, 2015",C,7-0,270,26,2008,6,2014-2015,2015,0.5
0,James Harden,Houston Rockets,West,"Apr 6, 2015",SG,6-5,220,25,2009,5,2014-2015,2015,0.5
0,Brook Lopez,Brooklyn Nets,East,"Mar 30, 2015",C,7-0,270,26,2008,6,2014-2015,2015,0.5
0,Stephen Curry,Golden State Warriors,West,"Mar 30, 2015",G,6-3,190,26,2009,5,2014-2015,2015,0.5
0,Dwyane Wade,Miami Heat,East,"Mar 23, 2015",SG,6-4,220,33,2003,11,2014-2015,2015,0.5
0,Chris Paul,Los Angeles Clippers,West,"Mar 23, 2015",PG,6-0,175,29,2005,9,2014-2015,2015,0.5
0,Kyrie Irving,Cleveland Cavaliers,East,"Mar 16, 2015",G,6-3,193,22,2011,3,2014-2015,2015,0.5
0,Anthony Davis,New Orleans Pelicans,West,"Mar 16, 2015",PF,6-10,253,21,2012,2,2014-2015,2015,0.5
0,Mo Williams,Charlotte Hornets,East,"Mar 9, 2015",G,6-1,198,32,2003,11,2014-2015,2015,0.5
0,Russell Westbrook,Oklahoma City Thunder,West,"Mar 9, 2015",G,6-3,200,26,2008,6,2014-2015,2015,0.5
0,Isaiah Thomas,Boston Celtics,East,"Mar 2, 2015",PG,5-9,185,26,2011,3,2014-2015,2015,0.5
0,Damian Lillard,Portland Trail Blazers,West,"Mar 2, 2015",G,6-3,195,24,2012,2,2014-2015,2015,0.5
0,Giannis Antetokounmpo,Milwaukee Bucks,East,"Feb 9, 2015",F,6-11,242,20,2013,1,2014-2015,2015,0.5
0,Russell Westbrook,Oklahoma City Thunder,West,"Feb 9, 2015",G,6-3,200,26,2008,6,2014-2015,2015,0.5
0,Kyrie Irving,Cleveland Cavaliers,East,"Feb 2, 2015",G,6-3,193,22,2011,3,2014-2015,2015,0.5
0,Zach Randolph,Memphis Grizzlies,West,"Feb 2, 2015",PF,6-9,260,33,2001,13,2014-2015,2015,0.5
0,LeBron James,Cleveland Cavaliers,East,"Jan 26, 2015",F,6-8,250,30,2003,11,2014-2015,2015,0.5
0,Klay Thompson,Golden State Warriors,West,"Jan 26, 2015",G,6-7,215,25,2011,3,2014-2015,2015,0.5
0,Al Horford,Atlanta Hawks,East,"Jan 19, 2015",FC,6-10,245,28,2007,7,2014-2015,2015,0.5
0,Mo Williams,Minnesota Timberwolves,West,"Jan 19, 2015",G,6-1,198,32,2003,11,2014-2015,2015,0.5
0,Kemba Walker,Charlotte Hornets,East,"Jan 12, 2015",G,6-1,184,24,2011,3,2014-2015,2015,0.5
0,Klay Thompson,Golden State Warriors,West,"Jan 12, 2015",G,6-7,215,25,2011,3,2014-2015,2015,0.5
0,Jeff Teague,Atlanta Hawks,East,"Jan 5, 2015",PG,6-2,186,26,2009,5,2014-2015,2015,0.5
0,Kevin Durant,Oklahoma City Thunder,West,"Jan 5, 2015",SF,6-9,240,26,2007,7,2014-2015,2015,0.5
0,Jimmy Butler,Chicago Bulls,East,"Dec 29, 2014",GF,6-8,236,25,2011,3,2014-2015,2015,0.5
0,James Harden,Houston Rockets,West,"Dec 29, 2014",SG,6-5,220,25,2009,5,2014-2015,2015,0.5
0,Al Horford,Atlanta Hawks,East,"Dec 22, 2014",FC,6-10,245,28,2007,7,2014-2015,2015,0.5
0,LaMarcus Aldridge,Portland Trail Blazers,West,"Dec 22, 2014",FC,6-11,260,29,2006,8,2014-2015,2015,0.5
0,John Wall,Washington Wizards,East,"Dec 15, 2014",PG,6-4,210,24,2010,4,2014-2015,2015,0.5
0,James Harden,Houston Rockets,West,"Dec 15, 2014",SG,6-5,220,25,2009,5,2014-2015,2015,0.5
0,Kyle Lowry,Toronto Raptors,East,"Dec 8, 2014",PG,6-1,196,28,2006,8,2014-2015,2015,0.5
0,LaMarcus Aldridge,Portland Trail Blazers,West,"Dec 8, 2014",FC,6-11,260,29,2006,8,2014-2015,2015,0.5
0,LeBron James,Cleveland Cavaliers,East,"Dec 1, 2014",F,6-8,250,30,2003,11,2014-2015,2015,0.5
0,Blake Griffin,Los Angeles Clippers,West,"Dec 1, 2014",PF,6-10,250,25,2009,5,2014-2015,2015,0.5
0,Lou Williams,Toronto Raptors,East,"Nov 24, 2014",G,6-1,175,28,2005,9,2014-2015,2015,0.5
0,DeMarcus Cousins,Sacramento Kings,West,"Nov 24, 2014",C,6-11,270,24,2010,4,2014-2015,2015,0.5
0,LeBron James,Cleveland Cavaliers,East,"Nov 17, 2014",F,6-8,250,30,2003,11,2014-2015,2015,0.5
0,Damian Lillard,Portland Trail Blazers,West,"Nov 17, 2014",G,6-3,195,24,2012,2,2014-2015,2015,0.5
0,Deron Williams,Brooklyn Nets,East,"Nov 10, 2014",PG,6-3,200,30,2005,9,2014-2015,2015,0.5
0,Stephen Curry,Golden State Warriors,West,"Nov 10, 2014",G,6-3,190,26,2009,5,2014-2015,2015,0.5
0,Chris Bosh,Miami Heat,East,"Nov 3, 2014",PF,6-11,235,30,2003,11,2014-2015,2015,0.5
0,Klay Thompson,Golden State Warriors,West,"Nov 3, 2014",G,6-7,215,25,2011,3,2014-2015,2015,0.5
0,Paul Millsap,Atlanta Hawks,East,"Apr 11, 2016",FC,6-8,246,31,2006,9,2015-2016,2016,0.5
0,Karl-Anthony Towns,Minnesota Timberwolves,West,"Apr 11, 2016",C,7-0,244,20,2015,0,2015-2016,2016,0.5
0,LeBron James,Cleveland Cavaliers,East,"Apr 4, 2016",F,6-8,250,31,2003,12,2015-2016,2016,0.5
0,J.J. Barea,Dallas Mavericks,West,"Apr 4, 2016",G,6-0,185,31,2006,9,2015-2016,2016,0.5
0,LeBron James,Cleveland Cavaliers,East,"Mar 28, 2016",F,6-8,250,31,2003,12,2015-2016,2016,0.5
0,Klay Thompson,Golden State Warriors,West,"Mar 28, 2016",G,6-7,215,26,2011,4,2015-2016,2016,0.5
0,Kyle Lowry,Toronto Raptors,East,"Mar 21, 2016",PG,6-1,196,29,2006,9,2015-2016,2016,0.5
0,Kevin Durant,Oklahoma City Thunder,West,"Mar 21, 2016",SF,6-9,240,27,2007,8,2015-2016,2016,0.5
0,Kemba Walker,Charlotte Hornets,East,"Mar 14, 2016",G,6-1,184,25,2011,4,2015-2016,2016,0.5
0,Stephen Curry,Golden State Warriors,West,"Mar 14, 2016",G,6-3,190,27,2009,6,2015-2016,2016,0.5
0,LeBron James,Cleveland Cavaliers,East,"Mar 7, 2016",F,6-8,250,31,2003,12,2015-2016,2016,0.5
0,Kawhi Leonard,San Antonio Spurs,West,"Mar 7, 2016",F,6-7,230,24,2011,4,2015-2016,2016,0.5
0,Kyle Lowry,Toronto Raptors,East,"Feb 29, 2016",PG,6-1,196,29,2006,9,2015-2016,2016,0.5
0,Stephen Curry,Golden State Warriors,West,"Feb 29, 2016",G,6-3,190,27,2009,6,2015-2016,2016,0.5
0,Isaiah Thomas,Boston Celtics,East,"Feb 8, 2016",PG,5-9,185,27,2011,4,2015-2016,2016,0.5
0,LaMarcus Aldridge,San Antonio Spurs,West,"Feb 8, 2016",FC,6-11,260,30,2006,9,2015-2016,2016,0.5
0,Dwyane Wade,Miami Heat,East,"Feb 1, 2016",SG,6-4,220,34,2003,12,2015-2016,2016,0.5
0,Kevin Durant,Oklahoma City Thunder,West,"Feb 1, 2016",SF,6-9,240,27,2007,8,2015-2016,2016,0.5
0,Kemba Walker,Charlotte Hornets,East,"Jan 25, 2016",G,6-1,184,25,2011,4,2015-2016,2016,0.5
0,DeMarcus Cousins,Sacramento Kings,West,"Jan 25, 2016",C,6-11,270,25,2010,5,2015-2016,2016,0.5
0,John Wall,Washington Wizards,East,"Jan 18, 2016",PG,6-4,210,25,2010,5,2015-2016,2016,0.5
0,Kevin Durant,Oklahoma City Thunder,West,"Jan 18, 2016",SF,6-9,240,27,2007,8,2015-2016,2016,0.5
0,LeBron James,Cleveland Cavaliers,East,"Jan 11, 2016",F,6-8,250,31,2003,12,2015-2016,2016,0.5
0,Chris Paul,Los Angeles Clippers,West,"Jan 11, 2016",PG,6-0,175,30,2005,10,2015-2016,2016,0.5
0,Brook Lopez,Brooklyn Nets,East,"Jan 4, 2016",C,7-0,270,27,2008,7,2015-2016,2016,0.5
0,Draymond Green,Golden State Warriors,West,"Jan 4, 2016",F,6-7,230,25,2012,3,2015-2016,2016,0.5
0,Marcin Gortat,Washington Wizards,East,"Dec 28, 2015",FC,6-11,240,32,2005,8,2015-2016,2016,0.5
0,Russell Westbrook,Oklahoma City Thunder,West,"Dec 28, 2015",G,6-3,200,27,2008,7,2015-2016,2016,0.5
0,Reggie Jackson,Detroit Pistons,East,"Dec 21, 2015",G,6-3,208,25,2011,4,2015-2016,2016,0.5
0,Kawhi Leonard,San Antonio Spurs,West,"Dec 21, 2015",F,6-7,230,24,2011,4,2015-2016,2016,0.5
0,DeMar DeRozan,Toronto Raptors,East,"Dec 14, 2015",GF,6-7,220,26,2009,6,2015-2016,2016,0.5
0,Kevin Durant,Oklahoma City Thunder,West,"Dec 14, 2015",SF,6-9,240,27,2007,8,2015-2016,2016,0.5
0,Reggie Jackson,Detroit Pistons,East,"Dec 7, 2015",G,6-3,208,25,2011,4,2015-2016,2016,0.5
0,Stephen Curry,Golden State Warriors,West,"Dec 7, 2015",G,6-3,190,27,2009,6,2015-2016,2016,0.5
0,Paul George,Indiana Pacers,East,"Nov 30, 2015",GF,6-9,220,25,2010,5,2015-2016,2016,0.5
0,Kevin Durant,Oklahoma City Thunder,West,"Nov 30, 2015",SF,6-9,240,27,2007,8,2015-2016,2016,0.5
0,LeBron James,Cleveland Cavaliers,East,"Nov 23, 2015",F,6-8,250,31,2003,12,2015-2016,2016,0.5
0,Stephen Curry,Golden State Warriors,West,"Nov 23, 2015",G,6-3,190,27,2009,6,2015-2016,2016,0.5
0,Nicolas Batum,Charlotte Hornets,East,"Nov 16, 2015",F,6-8,200,27,2008,7,2015-2016,2016,0.5
0,DeMarcus Cousins,Sacramento Kings,West,"Nov 16, 2015",C,6-11,270,25,2010,5,2015-2016,2016,0.5
0,Andre Drummond,Detroit Pistons,East,"Nov 9, 2015",C,6-11,279,22,2012,3,2015-2016,2016,0.5
0,James Harden,Houston Rockets,West,"Nov 9, 2015",SG,6-5,220,26,2009,6,2015-2016,2016,0.5
0,Andre Drummond,Detroit Pistons,East,"Nov 2, 2015",C,6-11,279,22,2012,3,2015-2016,2016,0.5
0,Stephen Curry,Golden State Warriors,West,"Nov 2, 2015",G,6-3,190,27,2009,6,2015-2016,2016,0.5
0,Paul George,Indiana Pacers,East,"Apr 10, 2017",GF,6-9,220,26,2010,6,2016-2017,2017,0.5
0,Russell Westbrook,Oklahoma City Thunder,West,"Apr 10, 2017",G,6-3,200,28,2008,8,2016-2017,2017,0.5
0,Jimmy Butler,Chicago Bulls,East,"Apr 3, 2017",GF,6-8,236,27,2011,5,2016-2017,2017,0.5
0,Stephen Curry,Golden State Warriors,West,"Apr 3, 2017",G,6-3,190,28,2009,7,2016-2017,2017,0.5
0,DeMar DeRozan,Toronto Raptors,East,"Mar 27, 2017",GF,6-7,220,27,2009,7,2016-2017,2017,0.5
0,James Harden,Houston Rockets,West,"Mar 27, 2017",SG,6-5,220,27,2009,7,2016-2017,2017,0.5
0,Hassan Whiteside,Miami Heat,East,"Mar 20, 2017",C,7-0,265,27,2010,4,2016-2017,2017,0.5
0,Damian Lillard,Portland Trail Blazers,West,"Mar 20, 2017",G,6-3,195,26,2012,4,2016-2017,2017,0.5
0,John Wall,Washington Wizards,East,"Mar 13, 2017",PG,6-4,210,26,2010,6,2016-2017,2017,0.5
0,Karl-Anthony Towns,Minnesota Timberwolves,West,"Mar 13, 2017",C,7-0,244,21,2015,1,2016-2017,2017,0.5
0,Kemba Walker,Charlotte Hornets,East,"Mar 6, 2017",G,6-1,184,26,2011,5,2016-2017,2017,0.5
0,Kawhi Leonard,San Antonio Spurs,West,"Mar 6, 2017",F,6-7,230,25,2011,5,2016-2017,2017,0.5
0,LeBron James,Cleveland Cavaliers,East,"Feb 13, 2017",F,6-8,250,32,2003,13,2016-2017,2017,0.5
0,Blake Griffin,Los Angeles Clippers,West,"Feb 13, 2017",PF,6-10,250,27,2009,7,2016-2017,2017,0.5
0,Isaiah Thomas,Boston Celtics,East,"Feb 6, 2017",PG,5-9,185,28,2011,5,2016-2017,2017,0.5
0,Stephen Curry,Golden State Warriors,West,"Feb 6, 2017",G,6-3,190,28,2009,7,2016-2017,2017,0.5
0,Dion Waiters,Miami Heat,East,"Jan 30, 2017",SG,6-4,215,25,2012,4,2016-2017,2017,0.5
0,DeMarcus Cousins,Sacramento Kings,West,"Jan 30, 2017",C,6-11,270,26,2010,6,2016-2017,2017,0.5
0,Joel Embiid,Philadelphia Sixers,East,"Jan 23, 2017",C,7-0,260,22,2014,2,2016-2017,2017,0.5
0,Kawhi Leonard,San Antonio Spurs,West,"Jan 23, 2017",F,6-7,230,25,2011,5,2016-2017,2017,0.5
0,DeMar DeRozan,Toronto Raptors,East,"Jan 16, 2017",GF,6-7,220,27,2009,7,2016-2017,2017,0.5
0,Gordon Hayward,Utah Jazz,West,"Jan 16, 2017",GF,6-8,225,26,2010,6,2016-2017,2017,0.5
0,Jimmy Butler,Chicago Bulls,East,"Jan 9, 2017",GF,6-8,236,27,2011,5,2016-2017,2017,0.5
0,Stephen Curry,Golden State Warriors,West,"Jan 9, 2017",G,6-3,190,28,2009,7,2016-2017,2017,0.5
0,John Wall,Washington Wizards,East,"Jan 2, 2017",PG,6-4,210,26,2010,6,2016-2017,2017,0.5
0,James Harden,Houston Rockets,West,"Jan 2, 2017",SG,6-5,220,27,2009,7,2016-2017,2017,0.5
0,Isaiah Thomas,Boston Celtics,East,"Dec 26, 2016",PG,5-9,185,28,2011,5,2016-2017,2017,0.5
0,Russell Westbrook,Oklahoma City Thunder,West,"Dec 26, 2016",G,6-3,200,28,2008,8,2016-2017,2017,0.5
0,DeMar DeRozan,Toronto Raptors,East,"Dec 19, 2016",GF,6-7,220,27,2009,7,2016-2017,2017,0.5
0,James Harden,Houston Rockets,West,"Dec 19, 2016",SG,6-5,220,27,2009,7,2016-2017,2017,0.5
0,LeBron James,Cleveland Cavaliers,East,"Dec 12, 2016",F,6-8,250,32,2003,13,2016-2017,2017,0.5
0,Marc Gasol,Memphis Grizzlies,West,"Dec 12, 2016",C,7-1,255,32,2007,8,2016-2017,2017,0.5
0,Giannis Antetokounmpo,Milwaukee Bucks,East,"Dec 5, 2016",F,6-11,242,22,2013,3,2016-2017,2017,0.5
0,Russell Westbrook,Oklahoma City Thunder,West,"Dec 5, 2016",G,6-3,200,28,2008,8,2016-2017,2017,0.5
0,Kevin Love,Cleveland Cavaliers,East,"Nov 28, 2016",FC,6-10,251,28,2008,8,2016-2017,2017,0.5
0,Kevin Durant,Golden State Warriors,West,"Nov 28, 2016",SF,6-9,240,28,2007,9,2016-2017,2017,0.5
0,Jimmy Butler,Chicago Bulls,East,"Nov 21, 2016",GF,6-8,236,27,2011,5,2016-2017,2017,0.5
0,Anthony Davis,New Orleans Pelicans,West,"Nov 21, 2016",PF,6-10,253,23,2012,4,2016-2017,2017,0.5
0,DeMar DeRozan,Toronto Raptors,East,"Nov 14, 2016",GF,6-7,220,27,2009,7,2016-2017,2017,0.5
0,James Harden,Houston Rockets,West,"Nov 14, 2016",SG,6-5,220,27,2009,7,2016-2017,2017,0.5
0,LeBron James,Cleveland Cavaliers,East,"Nov 7, 2016",F,6-8,250,32,2003,13,2016-2017,2017,0.5
0,George Hill,Utah Jazz,West,"Nov 7, 2016",G,6-3,188,30,2008,8,2016-2017,2017,0.5
0,LeBron James,Cleveland Cavaliers,East,"Oct 31, 2016",F,6-8,250,32,2003,13,2016-2017,2017,0.5
0,Russell Westbrook,Oklahoma City Thunder,West,"Oct 31, 2016",G,6-3,200,28,2008,8,2016-2017,2017,0.5
0,Ben Simmons,Philadelphia Sixers,East,"Apr 9, 2018",PF,6-10,230,21,2016,1,2017-2018,2018,0.5
0,Nikola Jokic,Denver Nuggets,West,"Apr 9, 2018",C,7-0,250,23,2014,2,2017-2018,2018,0.5
0,Victor Oladipo,Indiana Pacers,East,"Apr 2, 2018",G,6-4,210,25,2013,4,2017-2018,2018,0.5
0,Damian Lillard,Portland Trail Blazers,West,"Apr 2, 2018",G,6-3,195,27,2012,5,2017-2018,2018,0.5
0,LeBron James,Cleveland Cavaliers,East,"Mar 26, 2018",F,6-8,250,33,2003,14,2017-2018,2018,0.5
0,LaMarcus Aldridge,San Antonio Spurs,West,"Mar 26, 2018",FC,6-11,260,32,2006,11,2017-2018,2018,0.5
0,LeBron James,Cleveland Cavaliers,East,"Mar 19, 2018",F,6-8,250,33,2003,14,2017-2018,2018,0.5
0,Russell Westbrook,Oklahoma City Thunder,West,"Mar 19, 2018",G,6-3,200,29,2008,9,2017-2018,2018,0.5
0,DeMar DeRozan,Toronto Raptors,East,"Mar 12, 2018",GF,6-7,220,28,2009,8,2017-2018,2018,0.5
0,Damian Lillard,Portland Trail Blazers,West,"Mar 12, 2018",G,6-3,195,27,2012,5,2017-2018,2018,0.5
0,DeMar DeRozan,Toronto Raptors,East,"Mar 5, 2018",GF,6-7,220,28,2009,8,2017-2018,2018,0.5
0,Anthony Davis,New Orleans Pelicans,West,"Mar 5, 2018",PF,6-10,253,24,2012,5,2017-2018,2018,0.5
0,Joel Embiid,Philadelphia Sixers,East,"Feb 12, 2018",C,7-0,260,23,2014,3,2017-2018,2018,0.5
0,James Harden,Houston Rockets,West,"Feb 12, 2018",SG,6-5,220,28,2009,8,2017-2018,2018,0.5
0,Andre Drummond,Detroit Pistons,East,"Feb 5, 2018",C,6-11,279,24,2012,5,2017-2018,2018,0.5
0,James Harden,Houston Rockets,West,"Feb 5, 2018",SG,6-5,220,28,2009,8,2017-2018,2018,0.5
0,Khris Middleton,Milwaukee Bucks,East,"Jan 29, 2018",SF,6-8,222,26,2012,5,2017-2018,2018,0.5
0,Stephen Curry,Golden State Warriors,West,"Jan 29, 2018",G,6-3,190,29,2009,8,2017-2018,2018,0.5
0,Joel Embiid,Philadelphia Sixers,East,"Jan 22, 2018",C,7-0,260,23,2014,3,2017-2018,2018,0.5
0,Damian Lillard,Portland Trail Blazers,West,"Jan 22, 2018",G,6-3,195,27,2012,5,2017-2018,2018,0.5
0,Goran Dragic,Miami Heat,East,"Jan 15, 2018",G,6-3,190,31,2008,9,2017-2018,2018,0.5
0,Lou Williams,Los Angeles Clippers,West,"Jan 15, 2018",G,6-1,175,31,2005,12,2017-2018,2018,0.5
0,DeMar DeRozan,Toronto Raptors,East,"Jan 8, 2018",GF,6-7,220,28,2009,8,2017-2018,2018,0.5
0,Stephen Curry,Golden State Warriors,West,"Jan 8, 2018",G,6-3,190,29,2009,8,2017-2018,2018,0.5
0,Bradley Beal,Washington Wizards,East,"Jan 2, 2018",SG,6-5,207,24,2012,5,2017-2018,2018,0.5
0,Lou Williams,Los Angeles Clippers,West,"Jan 2, 2018",G,6-1,175,31,2005,12,2017-2018,2018,0.5
0,DeMar DeRozan,Toronto Raptors,East,"Dec 26, 2017",GF,6-7,220,28,2009,8,2017-2018,2018,0.5
0,Russell Westbrook,Oklahoma City Thunder,West,"Dec 26, 2017",G,6-3,200,29,2008,9,2017-2018,2018,0.5
0,LeBron James,Cleveland Cavaliers,East,"Dec 18, 2017",F,6-8,250,33,2003,14,2017-2018,2018,0.5
0,Chris Paul,Houston Rockets,West,"Dec 18, 2017",PG,6-0,175,32,2005,12,2017-2018,2018,0.5
0,Victor Oladipo,Indiana Pacers,East,"Dec 11, 2017",G,6-4,210,25,2013,4,2017-2018,2018,0.5
0,Kevin Durant,Golden State Warriors,West,"Dec 11, 2017",SF,6-9,240,29,2007,10,2017-2018,2018,0.5
0,LeBron James,Cleveland Cavaliers,East,"Dec 4, 2017",F,6-8,250,33,2003,14,2017-2018,2018,0.5
0,James Harden,Houston Rockets,West,"Dec 4, 2017",SG,6-5,220,28,2009,8,2017-2018,2018,0.5
0,Goran Dragic,Miami Heat,East,"Nov 27, 2017",G,6-3,190,31,2008,9,2017-2018,2018,0.5
0,Anthony Davis,New Orleans Pelicans,West,"Nov 27, 2017",PF,6-10,253,24,2012,5,2017-2018,2018,0.5
0,DeMar DeRozan,Toronto Raptors,East,"Nov 20, 2017",GF,6-7,220,28,2009,8,2017-2018,2018,0.5
0,Karl-Anthony Towns,Minnesota Timberwolves,West,"Nov 20, 2017",C,7-0,244,22,2015,2,2017-2018,2018,0.5
0,Tobias Harris,Detroit Pistons,East,"Nov 13, 2017",F,6-9,235,25,2011,6,2017-2018,2018,0.5
0,Nikola Jokic,Denver Nuggets,West,"Nov 13, 2017",C,7-0,250,23,2014,2,2017-2018,2018,0.5
0,Kristaps Porzingis,New York Knicks,East,"Nov 6, 2017",FC,7-3,240,22,2015,2,2017-2018,2018,0.5
0,James Harden,Houston Rockets,West,"Nov 6, 2017",SG,6-5,220,28,2009,8,2017-2018,2018,0.5
0,Victor Oladipo,Indiana Pacers,East,"Oct 30, 2017",G,6-4,210,25,2013,4,2017-2018,2018,0.5
0,DeMarcus Cousins,New Orleans Pelicans,West,"Oct 30, 2017",C,6-11,270,27,2010,7,2017-2018,2018,0.5
0,Giannis Antetokounmpo,Milwaukee Bucks,East,"Oct 23, 2017",F,6-11,242,23,2013,4,2017-2018,2018,0.5
0,James Harden,Houston Rockets,West,"Oct 23, 2017",SG,6-5,220,28,2009,8,2017-2018,2018,0.5
1,Nikola Vucevic,Orlando Magic,East,"Nov 19, 2018",PF,7-0,260,28,2011,7,2018-2019,2019,0.5
1,Anthony Davis,New Orleans Pelicans,West,"Nov 19, 2018",PF,6-10,253,25,2012,6,2018-2019,2019,0.5
1,Pascal Siakam,Toronto Raptors,East,"Nov 12, 2018",F,6-9,230,25,2016,2,2018-2019,2019,0.5
1,C.J. McCollum,Portland Trail Blazers,West,"Nov 12, 2018",G,6-3,190,27,2013,5,2018-2019,2019,0.5
1,Victor Oladipo,Indiana Pacers,East,"Nov 5, 2018",G,6-4,210,26,2013,5,2018-2019,2019,0.5
1,Russell Westbrook,Oklahoma City Thunder,West,"Nov 5, 2018",G,6-3,200,30,2008,10,2018-2019,2019,0.5
1,Giannis Antetokounmpo,Milwaukee Bucks,East,"Oct 29, 2018",F,6-11,242,24,2013,5,2018-2019,2019,0.5
1,Stephen Curry,Golden State Warriors,West,"Oct 29, 2018",G,6-3,190,30,2009,9,2018-2019,2019,0.5
1,Kemba Walker,Charlotte Hornets,East,"Oct 22, 2018",G,6-1,184,28,2011,7,2018-2019,2019,0.5
1,Nikola Jokic,Denver Nuggets,West,"Oct 22, 2018",C,7-0,250,24,2014,3,2018-2019,2019,0.5
